gene_id,gene_symbol,rank,pattern
ENSG00000058085.15,LAMC2,210.827340587999,CUG
ENSG00000137648.19,TMPRSS4,209.908884945524,CUG
ENSG00000163993.7,S100P,208.400873366809,CUG
ENSG00000268104.3,SLC6A14,188.956195707821,CUG
ENSG00000123500.10,COL10A1,187.27159604698,CUG
ENSG00000196188.12,CTSE,181.884718106258,CUG
ENSG00000196878.15,LAMB3,180.039402410366,CUG
ENSG00000105388.16,CEACAM5,171.388390892715,CUG
ENSG00000086548.9,CEACAM6,167.338270747037,CUG
ENSG00000117472.10,TSPAN1,163.220824697248,CUG
ENSG00000137573.14,SULF1,160.071711681192,CUG
ENSG00000060718.22,COL11A1,147.959912758667,CUG
ENSG00000171345.13,KRT19,145.388259572503,CUG
ENSG00000165474.8,GJB2,144.122758248777,CUG
ENSG00000133110.15,POSTN,137.160505073467,CUG
ENSG00000115414.21,FN1,135.426295387352,CUG
ENSG00000164171.11,ITGA2,133.912060764846,CUG
ENSG00000117394.24,SLC2A1,126.551064334109,CUG
ENSG00000164932.13,CTHRC1,121.766683243881,CUG
ENSG00000206075.14,SERPINB5,120.928700343746,CUG
ENSG00000065618.21,COL17A1,119.416878743064,CUG
ENSG00000106541.12,AGR2,116.769998152494,CUG
ENSG00000186340.16,THBS2,116.733342399446,CUG
ENSG00000170786.12,SDR16C5,114.535894175113,CUG
ENSG00000038427.16,VCAN,114.430153329229,CUG
ENSG00000013588.9,GPRC5A,111.349591837698,CUG
ENSG00000062038.14,CDH3,111.286258359153,CUG
ENSG00000165949.12,IFI27,110.788558663987,CUG
ENSG00000185567.7,AHNAK2,110.550605007747,CUG
ENSG00000124107.5,SLPI,108.32568613471,CUG
ENSG00000107984.10,DKK1,100.107171525095,CUG
ENSG00000138356.14,AOX1,-98.814443611243,CDG
ENSG00000137699.17,TRIM29,98.6659715208946,CUG
ENSG00000170373.8,CST1,97.7083246285642,CUG
ENSG00000066405.13,CLDN18,97.4624640849364,CUG
ENSG00000146674.15,IGFBP3,96.7416765662192,CUG
ENSG00000143797.12,MBOAT2,96.7058539655582,CUG
ENSG00000109255.11,NMU,95.3418515848716,CUG
ENSG00000145287.11,PLAC8,95.098767316893,CUG
ENSG00000181019.13,NQO1,93.8354950042871,CUG
ENSG00000131746.13,TNS4,93.2854435732062,CUG
ENSG00000060140.9,STYK1,92.4007767468387,CUG
ENSG00000086991.13,NOX4,92.1379667137451,CUG
ENSG00000011426.11,ANLN,88.808554256523,CUG
ENSG00000078098.14,FAP,88.6131184961719,CUG
ENSG00000042493.16,CAPG,88.4844466587419,CUG
ENSG00000115648.14,MLPH,87.9864661981877,CUG
ENSG00000094755.17,GABRP,87.3078119918487,CUG
ENSG00000104783.14,KCNN4,87.2702721719746,CUG
ENSG00000109511.12,ANXA10,86.0610989309038,CUG
ENSG00000204262.14,COL5A2,85.3155724775884,CUG
ENSG00000175793.12,SFN,84.9230705920642,CUG
ENSG00000129451.12,KLK10,84.0447378687265,CUG
ENSG00000144810.16,COL8A1,82.6793921932602,CUG
ENSG00000197956.10,S100A6,82.4308413536913,CUG
ENSG00000105664.11,COMP,81.7939903523257,CUG
ENSG00000160182.3,TFF1,81.586402267598,CUG
ENSG00000102854.16,MSLN,81.5444120139471,CUG
ENSG00000131620.17,ANO1,81.4930868130998,CUG
ENSG00000122861.16,PLAU,80.9495413148275,CUG
ENSG00000140937.14,CDH11,80.5785257143721,CUG
ENSG00000167644.12,C19orf33,80.5751927298846,CUG
ENSG00000100558.9,PLEK2,79.7744361540813,CUG
ENSG00000163735.7,CXCL5,78.9594242481669,CUG
ENSG00000186007.10,LEMD1,78.8987858733362,CUG
ENSG00000136155.17,SCEL,78.4787730623499,CUG
ENSG00000121351.8,IAPP,-77.9595697391254,CDG
ENSG00000164078.13,MST1R,77.7522149403423,CUG
ENSG00000103534.17,TMC5,77.4294693331458,CUG
ENSG00000089356.18,FXYD3,77.3809143997979,CUG
ENSG00000138119.17,MYOF,77.2990090090501,CUG
ENSG00000114346.14,ECT2,77.0164907800879,CUG
ENSG00000099953.10,MMP11,76.969920990064,CUG
ENSG00000108821.14,COL1A1,76.7473028909514,CUG
ENSG00000163631.17,ALB,-76.6023267264922,CDG
ENSG00000151617.17,EDNRA,76.5894880272161,CUG
ENSG00000105976.16,MET,76.5398857361154,CUG
ENSG00000004799.8,PDK4,-75.9301443871408,CDG
ENSG00000204866.8,IGFL2,75.7201161137237,CUG
ENSG00000114204.15,SERPINI2,-72.6717342423523,CDG
ENSG00000130635.16,COL5A1,72.5194535382669,CUG
ENSG00000185615.16,PDIA2,-71.7324646464529,CDG
ENSG00000159399.10,HK2,71.0482662081459,CUG
ENSG00000168542.16,COL3A1,70.9297624979422,CUG
ENSG00000005884.18,ITGA3,70.8861935851417,CUG
ENSG00000180263.14,FGD6,70.4557220643899,CUG
ENSG00000164694.17,FNDC1,70.3556901241778,CUG
ENSG00000053747.17,LAMA3,70.0295319744571,CUG
ENSG00000163191.6,S100A11,69.3558631876245,CUG
ENSG00000111799.21,COL12A1,69.2521055645017,CUG
ENSG00000187021.15,PNLIPRP1,-69.0728326642425,CDG
ENSG00000157315.5,TMED6,-68.74265333624,CDG
ENSG00000203805.11,PLPP4,68.4769509231705,CUG
ENSG00000136059.14,VILL,67.7030742974729,CUG
ENSG00000029153.14,ARNTL2,67.0339111281141,CUG
ENSG00000158315.11,RHBDL2,66.7665537083596,CUG
ENSG00000262406.3,MMP12,66.7091910629805,CUG
ENSG00000064787.13,BCAS1,66.5256283763619,CUG
ENSG00000086619.14,ERO1B,-66.4706430883303,CDG
ENSG00000104368.19,PLAT,66.4679891567033,CUG
ENSG00000135480.16,KRT7,65.9674299049971,CUG
ENSG00000148346.12,LCN2,65.7272460500762,CUG
ENSG00000070882.13,OSBPL3,65.5649226339011,CUG
ENSG00000115009.13,CCL20,65.2182188826756,CUG
ENSG00000129521.15,EGLN3,65.0813523813977,CUG
ENSG00000073737.17,DHRS9,64.2833783110489,CUG
ENSG00000140297.13,GCNT3,64.1800211754264,CUG
ENSG00000089127.14,OAS1,64.1219438778099,CUG
ENSG00000189334.9,S100A14,64.0306400283156,CUG
ENSG00000173391.9,OLR1,63.9532926399174,CUG
ENSG00000106624.11,AEBP1,63.8714976136539,CUG
ENSG00000103888.17,CEMIP,63.4210131432781,CUG
ENSG00000102265.12,TIMP1,62.4821425818937,CUG
ENSG00000180730.5,SHISA2,62.2430694822235,CUG
ENSG00000141086.18,CTRL,-61.6078139835315,CDG
ENSG00000100342.21,APOL1,61.0778904570762,CUG
ENSG00000139055.7,ERP27,-60.9367842636662,CDG
ENSG00000125144.14,MT1G,-60.8921978899967,CDG
ENSG00000106789.13,CORO2A,60.821095560482,CUG
ENSG00000181649.8,PHLDA2,60.6797609506061,CUG
ENSG00000132470.14,ITGB4,60.5170789173366,CUG
ENSG00000101311.16,FERMT1,60.4394540687656,CUG
ENSG00000120915.14,EPHX2,-60.3140846400266,CDG
ENSG00000151693.11,ASAP2,60.1349388752447,CUG
ENSG00000014914.21,MTMR11,60.0235308313504,CUG
ENSG00000101842.14,VSIG1,59.696879447259,CUG
ENSG00000156804.7,FBXO32,59.5353685082505,CUG
ENSG00000101825.8,MXRA5,59.3248600072838,CUG
ENSG00000135114.12,OASL,59.256336775839,CUG
ENSG00000138180.16,CEP55,59.1644904519179,CUG
ENSG00000132031.13,MATN3,59.1502860550957,CUG
ENSG00000188643.11,S100A16,58.6630328464568,CUG
ENSG00000163359.16,COL6A3,58.6572102011665,CUG
ENSG00000160932.11,LY6E,58.6518371729083,CUG
ENSG00000213186.8,TRIM59,58.5977771288248,CUG
ENSG00000115884.11,SDC1,58.3433327840769,CUG
ENSG00000196260.5,SFTA2,58.3137221544259,CUG
ENSG00000205364.4,MT1M,-58.3009068472127,CDG
ENSG00000136379.12,ABHD17C,58.2130141144452,CUG
ENSG00000163898.10,LIPH,58.1659572294211,CUG
ENSG00000168461.13,RAB31,57.796933153195,CUG
ENSG00000166920.13,C15orf48,57.7481509853238,CUG
ENSG00000169347.17,GP2,-57.4984604371754,CDG
ENSG00000196611.5,MMP1,57.3359920116708,CUG
ENSG00000166825.15,ANPEP,-57.1220519333801,CDG
ENSG00000100290.3,BIK,57.050587297372,CUG
ENSG00000197142.10,ACSL5,57.0140944641163,CUG
ENSG00000136231.14,IGF2BP3,56.9935716067321,CUG
ENSG00000104760.17,FGL1,-56.0973758467296,CDG
ENSG00000134321.12,RSAD2,56.01272796314,CUG
ENSG00000159388.6,BTG2,-55.9281441799069,CDG
ENSG00000113140.11,SPARC,55.7343389004432,CUG
ENSG00000169604.20,ANTXR1,55.6384235367318,CUG
ENSG00000184349.13,EFNA5,55.4630796117297,CUG
ENSG00000169035.12,KLK7,55.222628241108,CUG
ENSG00000168615.13,ADAM9,55.0861771979919,CUG
ENSG00000048540.15,LMO3,-54.9356699564282,CDG
ENSG00000162438.12,CTRC,-54.8556695506418,CDG
ENSG00000139211.7,AMIGO2,54.7105165905597,CUG
ENSG00000163082.10,SGPP2,54.7066888735949,CUG
ENSG00000124713.6,GNMT,-54.514587791228,CDG
ENSG00000167748.11,KLK1,-54.5073230117506,CDG
ENSG00000162745.10,OLFML2B,54.4469810717897,CUG
ENSG00000152056.17,AP1S3,54.129616829107,CUG
ENSG00000152766.6,ANKRD22,54.0755195319068,CUG
ENSG00000152377.14,SPOCK1,53.9177907330852,CUG
ENSG00000103375.11,AQP8,-53.6699744399855,CDG
ENSG00000072657.9,TRHDE,-53.6056184413539,CDG
ENSG00000162078.11,ZG16B,53.5586209629707,CUG
ENSG00000134827.8,TCN1,53.5296671054066,CUG
ENSG00000143819.12,EPHX1,-53.5050591771164,CDG
ENSG00000117724.13,CENPF,53.2359005319232,CUG
ENSG00000179913.11,B3GNT3,53.0677703875826,CUG
ENSG00000170537.13,TMC7,53.033627159829,CUG
ENSG00000169851.15,PCDH7,53.0020017154405,CUG
ENSG00000166923.12,GREM1,52.940792722326,CUG
ENSG00000137673.9,MMP7,52.8849816937175,CUG
ENSG00000079385.23,CEACAM1,52.8645949152383,CUG
ENSG00000164294.14,GPX8,52.6714786522297,CUG
ENSG00000131747.15,TOP2A,52.6317285390795,CUG
ENSG00000153233.13,PTPRR,52.4590481653086,CUG
ENSG00000132530.17,XAF1,52.4132759861424,CUG
ENSG00000197747.9,S100A10,52.2432788421057,CUG
ENSG00000135750.15,KCNK1,52.2258220665149,CUG
ENSG00000188158.16,NHS,52.1333026453232,CUG
ENSG00000101213.7,PTK6,51.9887892726166,CUG
ENSG00000149150.9,SLC43A1,-51.9352256248645,CDG
ENSG00000204385.13,SLC44A4,51.8900896869058,CUG
ENSG00000138795.10,LEF1,51.7266623177903,CUG
ENSG00000125266.8,EFNB2,51.6852867541393,CUG
ENSG00000158516.12,CPA2,-51.6533625279573,CDG
ENSG00000115919.15,KYNU,51.6469635675195,CUG
ENSG00000182492.16,BGN,51.5181989879567,CUG
ENSG00000137959.16,IFI44L,51.5146509957392,CUG
ENSG00000070526.15,ST6GALNAC1,51.5142302401811,CUG
ENSG00000205413.8,SAMD9,51.4935458313033,CUG
ENSG00000126787.13,DLGAP5,51.3973213038947,CUG
ENSG00000196562.14,SULF2,51.2945538307293,CUG
ENSG00000129038.16,LOXL1,51.2935849187905,CUG
ENSG00000124232.11,RBPJL,-51.2480348482712,CDG
ENSG00000115641.19,FHL2,51.1147219112396,CUG
ENSG00000116833.14,NR5A2,-50.9304932635566,CDG
ENSG00000151388.11,ADAMTS12,50.9204225390135,CUG
ENSG00000113594.10,LIFR,-50.8307107973577,CDG
ENSG00000136153.20,LMO7,50.7798906088392,CUG
ENSG00000196352.16,CD55,50.7590288975885,CUG
ENSG00000198417.7,MT1F,-50.455956843397,CDG
ENSG00000144063.4,MALL,50.4257654649291,CUG
ENSG00000170011.14,MYRIP,-50.3945406341091,CDG
ENSG00000164379.7,FOXQ1,50.2506032043631,CUG
ENSG00000123610.5,TNFAIP6,50.1222450667286,CUG
ENSG00000034510.6,TMSB10,50.1194492766454,CUG
ENSG00000115361.8,ACADL,-50.0709659772526,CDG
ENSG00000117586.11,TNFSF4,49.6582518743641,CUG
ENSG00000167653.5,PSCA,49.5325979937144,CUG
ENSG00000123219.13,CENPK,49.3591450425651,CUG
ENSG00000139540.12,SLC39A5,-49.2994266910807,CDG
ENSG00000109452.12,INPP4B,49.189432225243,CUG
ENSG00000130005.13,GAMT,-49.1484614150167,CDG
ENSG00000138798.13,EGF,-48.9207905715804,CDG
ENSG00000186832.9,KRT16,48.7836142412147,CUG
ENSG00000164176.13,EDIL3,48.4405152976885,CUG
ENSG00000176171.11,BNIP3,-48.2404875116079,CDG
ENSG00000170835.16,CEL,-48.1670752303182,CDG
ENSG00000137501.17,SYTL2,48.1197393343616,CUG
ENSG00000151651.16,ADAM8,47.9319106487974,CUG
ENSG00000137628.17,DDX60,47.6840419497113,CUG
ENSG00000107562.16,CXCL12,-47.6811179553688,CDG
ENSG00000011422.12,PLAUR,47.6389420572848,CUG
ENSG00000213145.10,CRIP1,47.4957823352939,CUG
ENSG00000204616.11,TRIM31,47.4842823362622,CUG
ENSG00000134057.15,CCNB1,47.3854150652895,CUG
ENSG00000131389.17,SLC6A6,47.3529162054828,CUG
ENSG00000165304.8,MELK,47.2622978112352,CUG
ENSG00000100079.7,LGALS2,-47.1360406151632,CDG
ENSG00000156535.15,CD109,47.027826557471,CUG
ENSG00000088926.14,F11,-46.947713519248,CDG
ENSG00000075223.14,SEMA3C,46.9103956290607,CUG
ENSG00000003989.18,SLC7A2,-46.9098475091158,CDG
ENSG00000175928.6,LRRN1,46.8942902891449,CUG
ENSG00000108405.4,P2RX1,-46.8494420277014,CDG
ENSG00000113389.16,NPR3,46.7564006513161,CUG
ENSG00000182718.18,ANXA2,46.6578062207862,CUG
ENSG00000145247.12,OCIAD2,46.5980860518468,CUG
ENSG00000106804.8,C5,-46.4512565451695,CDG
ENSG00000176153.12,GPX2,46.390713373604,CUG
ENSG00000047457.14,CP,46.3289203219502,CUG
ENSG00000196083.10,IL1RAP,46.2898947253954,CUG
ENSG00000153292.16,ADGRF1,46.2887268021,CUG
ENSG00000169862.19,CTNND2,-46.1705715728133,CDG
ENSG00000213719.8,CLIC1,46.0329666953222,CUG
ENSG00000111674.9,ENO2,46.004180196065,CUG
ENSG00000137809.17,ITGA11,45.7873492899347,CUG
ENSG00000112394.17,SLC16A10,-45.7358161587583,CDG
ENSG00000077152.11,UBE2T,45.6969464527846,CUG
ENSG00000179751.7,SYCN,-45.6270114730028,CDG
ENSG00000104549.12,SQLE,45.61187521516,CUG
ENSG00000151715.8,TMEM45B,45.5624394549358,CUG
ENSG00000146072.6,TNFRSF21,45.3937935751916,CUG
ENSG00000143387.14,CTSK,45.3754905995306,CUG
ENSG00000170369.4,CST2,45.3366303401924,CUG
ENSG00000067225.18,PKM,45.3268318398799,CUG
ENSG00000124102.5,PI3,45.1963896616363,CUG
ENSG00000131981.16,LGALS3,45.1760117392937,CUG
ENSG00000074416.14,MGLL,45.1625215343568,CUG
ENSG00000118473.22,SGIP1,45.1432658098144,CUG
ENSG00000125869.10,LAMP5,45.0051938751493,CUG
ENSG00000183044.12,ABAT,-44.9452590022329,CDG
ENSG00000136689.19,IL1RN,44.769152215732,CUG
ENSG00000198624.13,CCDC69,-44.7333095992356,CDG
ENSG00000196754.13,S100A2,44.7023577429821,CUG
ENSG00000125968.9,ID1,44.6123355806518,CUG
ENSG00000002587.10,HS3ST1,44.5667946287593,CUG
ENSG00000165617.15,DACT1,44.3351852420012,CUG
ENSG00000170890.14,PLA2G1B,-44.2423380125954,CDG
ENSG00000133106.15,EPSTI1,44.2229696451641,CUG
ENSG00000160181.9,TFF2,44.0252798097089,CUG
ENSG00000170006.12,TMEM154,43.878496708079,CUG
ENSG00000137965.11,IFI44,43.875668837489,CUG
ENSG00000042980.13,ADAM28,43.8048012816255,CUG
ENSG00000134013.16,LOXL2,43.7525316455823,CUG
ENSG00000134463.15,ECHDC3,-43.6543361190955,CDG
ENSG00000143228.13,NUF2,43.6189895846223,CUG
ENSG00000108244.17,KRT23,43.5883562660619,CUG
ENSG00000116194.13,ANGPTL1,-43.5555182443888,CDG
ENSG00000157483.9,MYO1E,43.5496408986466,CUG
ENSG00000105989.10,WNT2,43.5197294813306,CUG
ENSG00000197930.13,ERO1A,43.5102032407198,CUG
ENSG00000066279.18,ASPM,43.5020384762405,CUG
ENSG00000130988.13,RGN,-43.4100433366257,CDG
ENSG00000118507.17,AKAP7,-43.2676070559552,CDG
ENSG00000088325.16,TPX2,43.1802933467749,CUG
ENSG00000155657.28,TTN,-43.0904572814399,CDG
ENSG00000143369.15,ECM1,43.0516332149771,CUG
ENSG00000198542.14,ITGBL1,42.9738404321875,CUG
ENSG00000133816.17,MICAL2,42.922838218324,CUG
ENSG00000140279.13,DUOX2,42.5884128210077,CUG
ENSG00000187608.10,ISG15,42.5507517775367,CUG
ENSG00000089327.15,FXYD5,42.4768319894547,CUG
ENSG00000129116.19,PALLD,42.2459472908866,CUG
ENSG00000186318.16,BACE1,-42.1914397170086,CDG
ENSG00000124813.23,RUNX2,42.1124383367666,CUG
ENSG00000102359.8,SRPX2,42.0109933479898,CUG
ENSG00000221926.13,TRIM16,41.923716753504,CUG
ENSG00000127324.9,TSPAN8,41.9222720686113,CUG
ENSG00000169429.11,CXCL8,41.7955106569611,CUG
ENSG00000175063.17,UBE2C,41.5780206377807,CUG
ENSG00000166347.19,CYB5A,-41.5676202825628,CDG
ENSG00000106546.14,AHR,41.4866076369995,CUG
ENSG00000075239.14,ACAT1,-41.3561896620332,CDG
ENSG00000049323.16,LTBP1,41.3511393154758,CUG
ENSG00000161800.13,RACGAP1,41.243296967089,CUG
ENSG00000138472.11,GUCA1C,-41.1337230719055,CDG
ENSG00000173702.7,MUC13,41.0306689662292,CUG
ENSG00000120885.22,CLU,-41.0053502049337,CDG
ENSG00000088836.14,SLC4A11,40.9769419706501,CUG
ENSG00000168309.18,FAM107A,-40.9187924677635,CDG
ENSG00000133169.6,BEX1,-40.8565450895883,CDG
ENSG00000106392.11,C1GALT1,40.850155885832,CUG
ENSG00000108242.13,CYP2C18,40.8155471221611,CUG
ENSG00000160183.17,TMPRSS3,40.667755104829,CUG
ENSG00000138271.6,GPR87,40.5864623577432,CUG
ENSG00000164283.13,ESM1,40.474069194117,CUG
ENSG00000100985.7,MMP9,40.4710494173862,CUG
ENSG00000157601.14,MX1,40.4554117607684,CUG
ENSG00000077264.15,PAK3,-40.4035844346411,CDG
ENSG00000167434.10,CA4,-40.3857459446849,CDG
ENSG00000129009.13,ISLR,40.3535490868886,CUG
ENSG00000117650.13,NEK2,40.1940214716674,CUG
ENSG00000134285.11,FKBP11,-40.1676993185574,CDG
ENSG00000091129.21,NRCAM,-40.1564418225018,CDG
ENSG00000025423.11,HSD17B6,40.1407924622978,CUG
ENSG00000114251.15,WNT5A,40.1062353609638,CUG
ENSG00000149577.16,SIDT2,-40.0647078311903,CDG
ENSG00000162877.13,PM20D1,-39.9871923745519,CDG
ENSG00000089472.16,HEPH,39.9793162388687,CUG
ENSG00000128294.16,TPST2,-39.9656972916266,CDG
ENSG00000120708.17,TGFBI,39.719678244033,CUG
ENSG00000183486.13,MX2,39.6931778186893,CUG
ENSG00000019102.12,VSIG2,39.657883023547,CUG
ENSG00000172023.8,REG1B,-39.4661227740853,CDG
ENSG00000070081.17,NUCB2,-39.3837293456829,CDG
ENSG00000113657.13,DPYSL3,39.3331561842072,CUG
ENSG00000067057.18,PFKP,39.1709433251069,CUG
ENSG00000131037.15,EPS8L1,39.0806916820007,CUG
ENSG00000039537.14,C6,-39.0559824540391,CDG
ENSG00000006468.14,ETV1,38.9667663450849,CUG
ENSG00000100097.12,LGALS1,38.9220716205838,CUG
ENSG00000174156.15,GSTA3,-38.768404285308,CDG
ENSG00000205358.4,MT1H,-38.6333234737083,CDG
ENSG00000164484.12,TMEM200A,38.6296355103275,CUG
ENSG00000171124.13,FUT3,38.556164965857,CUG
ENSG00000002726.21,AOC1,38.4206020374767,CUG
ENSG00000175497.17,DPP10,-38.2482603976874,CDG
ENSG00000055732.13,MCOLN3,-38.1374259827955,CDG
ENSG00000101457.13,DNTTIP1,38.1011805496073,CUG
ENSG00000123975.5,CKS2,38.0758102158997,CUG
ENSG00000134962.7,KLB,-37.6279792137179,CDG
ENSG00000243955.6,GSTA1,-37.4993407698423,CDG
ENSG00000145423.5,SFRP2,37.495796917871,CUG
ENSG00000117122.14,MFAP2,37.4521098653727,CUG
ENSG00000136514.3,RTP4,37.4231739787729,CUG
ENSG00000101443.18,WFDC2,37.419214352165,CUG
ENSG00000149257.16,SERPINH1,37.3944895162193,CUG
ENSG00000198734.12,F5,37.3944486613251,CUG
ENSG00000134548.11,SPX,-37.2239179588548,CDG
ENSG00000147676.14,MAL2,37.2206339903125,CUG
ENSG00000180535.4,BHLHA15,-36.978172638483,CDG
ENSG00000101447.15,FAM83D,36.8660191330431,CUG
ENSG00000115461.5,IGFBP5,36.8654556310498,CUG
ENSG00000196950.14,SLC39A10,36.8452752763015,CUG
ENSG00000163814.8,CDCP1,36.8235439986044,CUG
ENSG00000138772.13,ANXA3,36.773893314844,CUG
ENSG00000071054.16,MAP4K4,36.6692304289691,CUG
ENSG00000039560.14,RAI14,36.6666645274355,CUG
ENSG00000124225.16,PMEPA1,36.5489153184958,CUG
ENSG00000080986.13,NDC80,36.5272597313195,CUG
ENSG00000198959.12,TGM2,36.519605005473,CUG
ENSG00000166562.9,SEC11C,-36.437927514693,CDG
ENSG00000169583.13,CLIC3,36.3916185288961,CUG
ENSG00000153822.14,KCNJ16,-36.3540067282963,CDG
ENSG00000116106.12,EPHA4,36.2901323920848,CUG
ENSG00000076555.15,ACACB,-36.2312832996642,CDG
ENSG00000074590.13,NUAK1,36.1676329800373,CUG
ENSG00000156298.13,TSPAN7,-36.0844918696008,CDG
ENSG00000149735.7,GPHA2,-35.9488892651687,CDG
ENSG00000168679.18,SLC16A4,35.9283777404781,CUG
ENSG00000185432.12,METTL7A,-35.8852716056282,CDG
ENSG00000164465.19,DCBLD1,35.8278316351895,CUG
ENSG00000215704.10,CELA2B,-35.6988845191572,CDG
ENSG00000074657.14,ZNF532,35.5831586558575,CUG
ENSG00000198901.14,PRC1,35.5368713112361,CUG
ENSG00000168491.10,CCDC110,-35.4710803604395,CDG
ENSG00000169679.15,BUB1,35.4538352025668,CUG
ENSG00000102554.14,KLF5,35.3886961216172,CUG
ENSG00000111335.13,OAS2,35.3875891302627,CUG
ENSG00000165434.8,PGM2L1,35.3151062059053,CUG
ENSG00000181143.15,MUC16,35.2849176862773,CUG
ENSG00000147394.18,ZNF185,35.260568604665,CUG
ENSG00000134333.14,LDHA,35.2594459473888,CUG
ENSG00000103089.9,FA2H,35.1995990891311,CUG
ENSG00000148935.11,GAS2,-35.1258948380367,CDG
ENSG00000103942.13,HOMER2,-35.0482229081547,CDG
ENSG00000172927.8,MYEOV,34.9673310720435,CUG
ENSG00000108679.13,LGALS3BP,34.9508822952105,CUG
ENSG00000082781.12,ITGB5,34.9490970937438,CUG
ENSG00000015413.9,DPEP1,-34.9456887175958,CDG
ENSG00000120093.11,HOXB3,34.9100346313918,CUG
ENSG00000169752.17,NRG4,-34.9001458274509,CDG
ENSG00000132965.10,ALOX5AP,34.8486113602962,CUG
ENSG00000050344.9,NFE2L3,34.7844711745982,CUG
ENSG00000158014.15,SLC30A2,-34.7125709327567,CDG
ENSG00000146039.11,SLC17A4,-34.7119895608553,CDG
ENSG00000143196.5,DPT,-34.6956602812231,CDG
ENSG00000182010.11,RTKN2,34.63568723901,CUG
ENSG00000135447.17,PPP1R1A,-34.6233406168595,CDG
ENSG00000170500.13,LONRF2,-34.5561092575219,CDG
ENSG00000075275.18,CELSR1,34.4558153867383,CUG
ENSG00000147576.17,ADHFE1,-34.4430654049989,CDG
ENSG00000151746.15,BICD1,34.4327024840953,CUG
ENSG00000196154.12,S100A4,34.427658448995,CUG
ENSG00000139926.16,FRMD6,34.2342629581488,CUG
ENSG00000173917.10,HOXB2,34.2257450820249,CUG
ENSG00000117707.16,PROX1,-34.1996325344712,CDG
ENSG00000096433.11,ITPR3,34.0919166938036,CUG
ENSG00000171241.9,SHCBP1,34.0903865204688,CUG
ENSG00000196482.18,ESRRG,-34.0651523002257,CDG
ENSG00000116132.12,PRRX1,34.0429622265016,CUG
ENSG00000171522.6,PTGER4,-34.0250372349978,CDG
ENSG00000049192.15,ADAMTS6,33.9540704757921,CUG
ENSG00000079689.14,SCGN,-33.9523980216143,CDG
ENSG00000149573.9,MPZL2,33.8945583586117,CUG
ENSG00000197632.9,SERPINB2,33.8722283889236,CUG
ENSG00000134107.5,BHLHE40,33.7842560086783,CUG
ENSG00000087253.13,LPCAT2,33.6170829642239,CUG
ENSG00000132170.23,PPARG,33.4958570217907,CUG
ENSG00000167964.13,RAB26,-33.4781239026001,CDG
ENSG00000187498.16,COL4A1,33.452315562812,CUG
ENSG00000185052.12,SLC24A3,33.4478192759537,CUG
ENSG00000189143.9,CLDN4,33.4376302944222,CUG
ENSG00000157227.13,MMP14,33.4257800744357,CUG
ENSG00000111640.15,GAPDH,33.3739233394293,CUG
ENSG00000111331.13,OAS3,33.2884226988538,CUG
ENSG00000173801.17,JUP,33.2869149666297,CUG
ENSG00000131236.18,CAP1,33.2862836804624,CUG
ENSG00000108511.10,HOXB6,33.2085770973307,CUG
ENSG00000143217.9,NECTIN4,33.1916550497778,CUG
ENSG00000138185.20,ENTPD1,33.1701766898929,CUG
ENSG00000148773.14,MKI67,33.1667143751347,CUG
ENSG00000162849.16,KIF26B,33.1558990322851,CUG
ENSG00000169715.15,MT1E,-33.1220388358291,CDG
ENSG00000164761.9,TNFRSF11B,33.0500410565616,CUG
ENSG00000122952.17,ZWINT,33.0163472653149,CUG
ENSG00000116701.15,NCF2,32.9998183957136,CUG
ENSG00000120075.5,HOXB5,32.975513087933,CUG
ENSG00000164647.9,STEAP1,32.9652796773203,CUG
ENSG00000169908.12,TM4SF1,32.7172967010103,CUG
ENSG00000137872.17,SEMA6D,-32.6955970209961,CDG
ENSG00000163558.13,PRKCI,32.6325045585783,CUG
ENSG00000185010.15,F8,-32.5911570343084,CDG
ENSG00000135069.14,PSAT1,-32.5214641448551,CDG
ENSG00000143476.18,DTL,32.4639163914967,CUG
ENSG00000164946.20,FREM1,-32.4406354527791,CDG
ENSG00000151224.13,MAT1A,-32.4385873033007,CDG
ENSG00000109906.14,ZBTB16,-32.3573367350722,CDG
ENSG00000134871.19,COL4A2,32.3370470004015,CUG
ENSG00000157005.4,SST,-32.3198097874533,CDG
ENSG00000143954.13,REG3G,-32.3016488010752,CDG
ENSG00000095203.14,EPB41L4B,-32.2812031719511,CDG
ENSG00000105675.9,ATP4A,-32.2300166270695,CDG
ENSG00000167460.17,TPM4,32.2282082487548,CUG
ENSG00000163536.13,SERPINI1,-32.2104611251354,CDG
ENSG00000079277.22,MKNK1,-32.1194150718145,CDG
ENSG00000100994.12,PYGB,32.0635360556468,CUG
ENSG00000170312.16,CDK1,31.9944082461534,CUG
ENSG00000175315.3,CST6,31.8972975698583,CUG
ENSG00000163297.17,ANTXR2,31.8940450369602,CUG
ENSG00000198794.12,SCAMP5,-31.8874282626242,CDG
ENSG00000175600.16,SUGCT,31.8774740507384,CUG
ENSG00000113083.15,LOX,31.8534093655005,CUG
ENSG00000162595.7,DIRAS3,-31.8269672871374,CDG
ENSG00000144354.14,CDCA7,31.7130214004025,CUG
ENSG00000005020.13,SKAP2,31.6733161466231,CUG
ENSG00000115170.15,ACVR1,31.6596597936406,CUG
ENSG00000163884.4,KLF15,-31.6425795364642,CDG
ENSG00000148053.17,NTRK2,-31.5983495739934,CDG
ENSG00000072571.20,HMMR,31.5653343492644,CUG
ENSG00000164733.22,CTSB,31.5468324775562,CUG
ENSG00000124731.13,TREM1,31.5411252092573,CUG
ENSG00000071537.14,SEL1L,-31.5285490275435,CDG
ENSG00000070190.13,DAPP1,31.514563080735,CUG
ENSG00000118193.12,KIF14,31.4955153599791,CUG
ENSG00000188042.8,ARL4C,31.4381627371361,CUG
ENSG00000138160.7,KIF11,31.4263749191175,CUG
ENSG00000144645.14,OSBPL10,31.3034600889219,CUG
ENSG00000106018.14,VIPR2,-31.2062444066158,CDG
ENSG00000102144.15,PGK1,31.1825759172591,CUG
ENSG00000198721.13,ECI2,-31.1197680358304,CDG
ENSG00000135318.12,NT5E,31.1116227037776,CUG
ENSG00000005249.13,PRKAR2B,-31.0833126999579,CDG
ENSG00000178821.13,TMEM52,-31.0749463911393,CDG
ENSG00000150593.18,PDCD4,-30.9931476631198,CDG
ENSG00000090661.12,CERS4,-30.9780475816503,CDG
ENSG00000107796.13,ACTA2,30.8833373876705,CUG
ENSG00000064270.13,ATP2C2,30.8582954990176,CUG
ENSG00000134769.21,DTNA,-30.8355588623238,CDG
ENSG00000123609.11,NMI,30.8081331604923,CUG
ENSG00000173848.19,NET1,30.7918276300494,CUG
ENSG00000154096.14,THY1,30.7907324428642,CUG
ENSG00000010438.17,PRSS3,-30.6924828631703,CDG
ENSG00000168785.8,TSPAN5,30.6738530765836,CUG
ENSG00000142627.13,EPHA2,30.6528459304623,CUG
ENSG00000147642.17,SYBU,-30.5963295121434,CDG
ENSG00000171766.17,GATM,-30.580375817237,CDG
ENSG00000187193.9,MT1X,-30.3849440669832,CDG
ENSG00000134986.14,NREP,30.3482113474278,CUG
ENSG00000153246.13,PLA2R1,30.3226545695813,CUG
ENSG00000111424.12,VDR,30.3203340286897,CUG
ENSG00000129993.15,CBFA2T3,-30.319142666724,CDG
ENSG00000121361.5,KCNJ8,-30.3036141418746,CDG
ENSG00000115590.14,IL1R2,30.2770391556151,CUG
ENSG00000164109.14,MAD2L1,30.254538948616,CUG
ENSG00000188001.10,TPRG1,30.2474486402265,CUG
ENSG00000130429.15,ARPC1B,30.180980720549,CUG
ENSG00000153786.13,ZDHHC7,30.1468367398458,CUG
ENSG00000171812.13,COL8A2,30.1335057826444,CUG
ENSG00000188910.8,GJB3,30.1151769363577,CUG
ENSG00000128203.7,ASPHD2,29.9999482506403,CUG
ENSG00000183255.12,PTTG1IP,29.8902361199806,CUG
ENSG00000070214.16,SLC44A1,29.887594661349,CUG
ENSG00000165113.13,GKAP1,-29.8162335753661,CDG
ENSG00000160213.9,CSTB,29.8116891252651,CUG
ENSG00000152422.16,XRCC4,29.7865873093431,CUG
ENSG00000101187.16,SLCO4A1,29.7471341010971,CUG
ENSG00000162241.12,SLC25A45,-29.7249993697721,CDG
ENSG00000126709.15,IFI6,29.6397462115411,CUG
ENSG00000115290.10,GRB14,-29.5649050552159,CDG
ENSG00000204219.11,TCEA3,-29.5468457759924,CDG
ENSG00000143341.12,HMCN1,29.5279755858728,CUG
ENSG00000275385.2,CCL18,29.4388590283912,CUG
ENSG00000130508.11,PXDN,29.4030558452086,CUG
ENSG00000145244.12,CORIN,29.3267048514547,CUG
ENSG00000010278.15,CD9,29.3182033456206,CUG
ENSG00000100116.17,GCAT,-29.2597247755813,CDG
ENSG00000163492.15,CCDC141,-29.1665898976729,CDG
ENSG00000110436.13,SLC1A2,-29.1417552016261,CDG
ENSG00000146555.19,SDK1,-29.1246047267917,CDG
ENSG00000205420.11,KRT6A,29.0599504810306,CUG
ENSG00000137845.15,ADAM10,29.0171116797267,CUG
ENSG00000145113.22,MUC4,29.0138367426481,CUG
ENSG00000156970.13,BUB1B,29.0101819306517,CUG
ENSG00000185479.6,KRT6B,29.0058791857403,CUG
ENSG00000057149.16,SERPINB3,28.9490973049437,CUG
ENSG00000167755.15,KLK6,28.9363102939689,CUG
ENSG00000139946.10,PELI2,-28.8930539118161,CDG
ENSG00000102780.17,DGKH,28.8528539500067,CUG
ENSG00000073605.18,GSDMB,28.8271315014065,CUG
ENSG00000154265.16,ABCA5,-28.801397170199,CDG
ENSG00000126259.20,KIRREL2,-28.7914377843588,CDG
ENSG00000126458.4,RRAS,28.7878986857803,CUG
ENSG00000171303.7,KCNK3,-28.7875983413811,CDG
ENSG00000175426.11,PCSK1,-28.75560924718,CDG
ENSG00000174502.19,SLC26A9,28.7495231976807,CUG
ENSG00000137804.14,NUSAP1,28.6952952454738,CUG
ENSG00000260027.5,HOXB7,28.6808698243776,CUG
ENSG00000174672.16,BRSK2,-28.6651861385612,CDG
ENSG00000177409.12,SAMD9L,28.6158221644812,CUG
ENSG00000179674.4,ARL14,28.6031896122256,CUG
ENSG00000170545.17,SMAGP,28.5690061625264,CUG
ENSG00000080493.18,SLC4A4,-28.5127243832547,CDG
ENSG00000118257.17,NRP2,28.5090792946154,CUG
ENSG00000137203.15,TFAP2A,28.4941258437145,CUG
ENSG00000171877.21,FRMD5,28.4511111735392,CUG
ENSG00000114115.10,RBP1,-28.4327070389778,CDG
ENSG00000117308.15,GALE,28.4305129775916,CUG
ENSG00000185499.16,MUC1,28.4206056425262,CUG
ENSG00000177494.6,ZBED2,28.3962703264105,CUG
ENSG00000085733.16,CTTN,28.390471726994,CUG
ENSG00000092421.17,SEMA6A,-28.381078618245,CDG
ENSG00000147852.16,VLDLR,-28.3292283297004,CDG
ENSG00000116815.16,CD58,28.3041363990055,CUG
ENSG00000148468.17,FAM171A1,-28.2310446714821,CDG
ENSG00000173376.14,NDNF,28.2181085079394,CUG
ENSG00000136068.15,FLNB,28.2157167262486,CUG
ENSG00000164038.16,SLC9B2,28.1928991665272,CUG
ENSG00000075624.17,ACTB,28.1824168479605,CUG
ENSG00000095321.17,CRAT,-28.1657669192298,CDG
ENSG00000147168.13,IL2RG,28.1444879113519,CUG
ENSG00000174992.8,ZG16,-28.1216971726609,CDG
ENSG00000133065.11,SLC41A1,-28.112336019448,CDG
ENSG00000059728.11,MXD1,28.0755582179031,CUG
ENSG00000205502.4,C2CD4B,-27.9285576334411,CDG
ENSG00000258227.7,CLEC5A,27.8809774612012,CUG
ENSG00000105707.14,HPN,-27.8497490230844,CDG
ENSG00000141504.12,SAT2,-27.8405958643769,CDG
ENSG00000123473.16,STIL,27.7953918961803,CUG
ENSG00000178828.7,RNF186,-27.7800433995208,CDG
ENSG00000164120.14,HPGD,27.7616918403535,CUG
ENSG00000213626.13,LBH,27.757740634926,CUG
ENSG00000168078.10,PBK,27.6872378625446,CUG
ENSG00000198286.10,CARD11,27.6680477774806,CUG
ENSG00000211448.13,DIO2,27.6579900495994,CUG
ENSG00000006453.14,BAIAP2L1,27.6574298996448,CUG
ENSG00000172554.12,SNTG2,-27.6381142315976,CDG
ENSG00000111247.15,RAD51AP1,27.6181696860073,CUG
ENSG00000150782.12,IL18,27.6153006292845,CUG
ENSG00000169047.5,IRS1,27.5547898179262,CUG
ENSG00000077063.11,CTTNBP2,-27.5430421516149,CDG
ENSG00000135218.19,CD36,-27.5394833178677,CDG
ENSG00000057019.16,DCBLD2,27.4695908881586,CUG
ENSG00000011201.12,ANOS1,27.4289462436765,CUG
ENSG00000135423.13,GLS2,-27.4203487468333,CDG
ENSG00000077585.14,GPR137B,27.4070413897505,CUG
ENSG00000086717.18,PPEF1,27.4038079758643,CUG
ENSG00000181381.14,DDX60L,27.3996177685208,CUG
ENSG00000130303.13,BST2,27.3925998124624,CUG
ENSG00000083857.14,FAT1,27.3843932631307,CUG
ENSG00000156515.24,HK1,27.3684715167957,CUG
ENSG00000196141.14,SPATS2L,27.1929694776585,CUG
ENSG00000143079.15,CTTNBP2NL,27.1581587344126,CUG
ENSG00000185559.16,DLK1,-27.1484735645169,CDG
ENSG00000137807.16,KIF23,27.1228729227582,CUG
ENSG00000164611.13,PTTG1,27.1065039253184,CUG
ENSG00000144959.11,NCEH1,27.1050978191869,CUG
ENSG00000120057.5,SFRP5,-27.0838919984362,CDG
ENSG00000183742.13,MACC1,27.013735294059,CUG
ENSG00000169876.14,MUC17,26.924226551832,CUG
ENSG00000154080.14,CHST9,-26.8947431563812,CDG
ENSG00000185518.12,SV2B,-26.8345332438227,CDG
ENSG00000075391.17,RASAL2,26.7658429467107,CUG
ENSG00000165092.13,ALDH1A1,-26.7143251844191,CDG
ENSG00000147862.17,NFIB,-26.7072190104574,CDG
ENSG00000166394.15,CYB5R2,26.682485940961,CUG
ENSG00000130294.17,KIF1A,-26.5706021812276,CDG
ENSG00000176454.14,LPCAT4,26.5511049763198,CUG
ENSG00000128595.17,CALU,26.5155633961863,CUG
ENSG00000176894.10,PXMP2,-26.4538814944617,CDG
ENSG00000158158.12,CNNM4,26.4526904856576,CUG
ENSG00000129173.13,E2F8,26.4428404482021,CUG
ENSG00000253958.2,CLDN23,26.42110261707,CUG
ENSG00000092621.13,PHGDH,-26.4049814264782,CDG
ENSG00000125378.16,BMP4,26.3648595003426,CUG
ENSG00000170899.11,GSTA4,-26.3345035146578,CDG
ENSG00000178209.16,PLEC,26.2889751280579,CUG
ENSG00000116761.12,CTH,-26.2263294242578,CDG
ENSG00000174564.13,IL20RB,26.2217429658245,CUG
ENSG00000114166.8,KAT2B,-26.1059942423167,CDG
ENSG00000182621.18,PLCB1,-26.09429193373,CDG
ENSG00000173852.15,DPY19L1,25.9793558494818,CUG
ENSG00000159166.15,LAD1,25.9695011089068,CUG
ENSG00000112742.10,TTK,25.9332459150577,CUG
ENSG00000131788.16,PIAS3,25.9110160260557,CUG
ENSG00000261150.3,EPPK1,25.9081080210291,CUG
ENSG00000003096.14,KLHL13,-25.8886957571824,CDG
ENSG00000185630.19,PBX1,-25.8790160961742,CDG
ENSG00000176533.13,GNG7,-25.8277356063814,CDG
ENSG00000242173.10,ARHGDIG,-25.8051937891755,CDG
ENSG00000126010.6,GRPR,-25.7904178944682,CDG
ENSG00000198626.17,RYR2,-25.770157552712,CDG
ENSG00000112936.19,C7,-25.7366127372342,CDG
ENSG00000181031.16,RPH3AL,-25.6817340823457,CDG
ENSG00000196639.7,HRH1,25.6641579759869,CUG
ENSG00000084636.18,COL16A1,25.5726794313828,CUG
ENSG00000178568.15,ERBB4,-25.5579041022593,CDG
ENSG00000152217.20,SETBP1,-25.4919083984007,CDG
ENSG00000171848.16,RRM2,25.4590934038623,CUG
ENSG00000119711.13,ALDH6A1,-25.4530542709558,CDG
ENSG00000105825.14,TFPI2,-25.4193743734118,CDG
ENSG00000102699.6,PARP4,25.382790271809,CUG
ENSG00000127947.16,PTPN12,25.3726525889538,CUG
ENSG00000185420.19,SMYD3,25.3671027158355,CUG
ENSG00000181104.7,F2R,25.3013334812444,CUG
ENSG00000117226.12,GBP3,25.2931226362185,CUG
ENSG00000145386.11,CCNA2,25.1845374046161,CUG
ENSG00000169245.6,CXCL10,25.1749712695238,CUG
ENSG00000109805.10,NCAPG,25.1592298945055,CUG
ENSG00000172061.9,LRRC15,25.1462824364435,CUG
ENSG00000170425.3,ADORA2B,25.0574770533457,CUG
ENSG00000163577.8,EIF5A2,25.056480525923,CUG
ENSG00000054277.14,OPN3,25.00678488434,CUG
ENSG00000171714.12,ANO5,-24.9734810911978,CDG
ENSG00000006451.8,RALA,24.9655786095428,CUG
ENSG00000164344.16,KLKB1,-24.9381659667574,CDG
ENSG00000138821.13,SLC39A8,-24.9052933705487,CDG
ENSG00000170962.13,PDGFD,-24.8948345203959,CDG
ENSG00000196526.10,AFAP1,24.8901373215094,CUG
ENSG00000087116.16,ADAMTS2,24.8617160393317,CUG
ENSG00000140525.19,FANCI,24.8576372584711,CUG
ENSG00000070718.12,AP3M2,24.8101032232677,CUG
ENSG00000162645.13,GBP2,24.7579517666329,CUG
ENSG00000090889.12,KIF4A,24.7214541333794,CUG
ENSG00000172031.7,EPHX4,24.716902294005,CUG
ENSG00000165125.22,TRPV6,-24.6433670200477,CDG
ENSG00000125733.18,TRIP10,24.6343904553669,CUG
ENSG00000141682.12,PMAIP1,24.621187079486,CUG
ENSG00000051180.17,RAD51,24.5992031342361,CUG
ENSG00000141458.13,NPC1,24.5787468939347,CUG
ENSG00000122786.20,CALD1,24.5755681594904,CUG
ENSG00000149554.13,CHEK1,24.5144594333025,CUG
ENSG00000136732.16,GYPC,-24.4269558100231,CDG
ENSG00000133958.13,UNC79,-24.38798132824,CDG
ENSG00000133019.12,CHRM3,-24.353728171767,CDG
ENSG00000035499.13,DEPDC1B,24.2863109053801,CUG
ENSG00000100129.18,EIF3L,-24.2088324727264,CDG
ENSG00000135046.14,ANXA1,24.19916218293,CUG
ENSG00000135362.14,PRR5L,24.1810170097915,CUG
ENSG00000173210.20,ABLIM3,24.1544955520232,CUG
ENSG00000110148.10,CCKBR,-24.1060274865774,CDG
ENSG00000138448.12,ITGAV,24.0762811871473,CUG
ENSG00000145476.16,CYP4V2,-24.0575955802186,CDG
ENSG00000121552.4,CSTA,24.0181622004347,CUG
ENSG00000102024.18,PLS3,23.9537229599001,CUG
ENSG00000146477.6,SLC22A3,23.8923273498692,CUG
ENSG00000104147.9,OIP5,23.8687667796129,CUG
ENSG00000124429.18,POF1B,23.8633489220831,CUG
ENSG00000165476.14,REEP3,23.8380118088272,CUG
ENSG00000072110.15,ACTN1,23.7725358652826,CUG
ENSG00000105290.13,APLP1,-23.7621333653667,CDG
ENSG00000204610.13,TRIM15,23.7453915862699,CUG
ENSG00000162545.6,CAMK2N1,23.7419847006219,CUG
ENSG00000145284.12,SCD5,-23.691984143031,CDG
ENSG00000135773.13,CAPN9,23.6903087564633,CUG
ENSG00000196923.14,PDLIM7,23.6736372339844,CUG
ENSG00000167614.14,TTYH1,-23.6451697215958,CDG
ENSG00000112378.12,PERP,23.5931882354309,CUG
ENSG00000176532.4,PRR15,23.5366741374363,CUG
ENSG00000167553.16,TUBA1C,23.5096110352589,CUG
ENSG00000147459.18,DOCK5,23.4966043080905,CUG
ENSG00000102796.11,DHRS12,-23.4389404514523,CDG
ENSG00000154556.18,SORBS2,-23.4158650075476,CDG
ENSG00000187824.9,TMEM220,-23.3903907809014,CDG
ENSG00000121621.7,KIF18A,23.3786772440835,CUG
ENSG00000161798.7,AQP5,23.3478232307542,CUG
ENSG00000164924.18,YWHAZ,23.2892293986918,CUG
ENSG00000136603.14,SKIL,23.2146505270864,CUG
ENSG00000165891.16,E2F7,23.2037554535753,CUG
ENSG00000154760.14,SLFN13,23.1963435453138,CUG
ENSG00000213918.10,DNASE1,-23.1551163391407,CDG
ENSG00000145431.11,PDGFC,23.1511560833168,CUG
ENSG00000148584.15,A1CF,-23.1128147289099,CDG
ENSG00000161270.20,NPHS1,-23.1020648379821,CDG
ENSG00000064601.20,CTSA,23.0910338257531,CUG
ENSG00000163050.18,COQ8A,-23.0901546097061,CDG
ENSG00000171747.9,LGALS4,23.0887176283306,CUG
ENSG00000104689.10,TNFRSF10A,23.0859121230613,CUG
ENSG00000163466.16,ARPC2,23.0795197587769,CUG
ENSG00000104450.13,SPAG1,23.0457478928053,CUG
ENSG00000162909.18,CAPN2,22.9911122100778,CUG
ENSG00000180879.14,SSR4,-22.9806192259809,CDG
ENSG00000060558.4,GNA15,22.9744471630497,CUG
ENSG00000100604.13,CHGA,-22.9319393131459,CDG
ENSG00000143367.16,TUFT1,22.8888868839747,CUG
ENSG00000071575.11,TRIB2,22.8496076654431,CUG
ENSG00000120756.13,PLS1,22.8369648880444,CUG
ENSG00000132938.21,MTUS2,-22.8199545171435,CDG
ENSG00000162493.16,PDPN,22.800822913901,CUG
ENSG00000095383.20,TBC1D2,22.7986995183961,CUG
ENSG00000142677.4,IL22RA1,-22.7980843617285,CDG
ENSG00000176903.5,PNMA1,22.7734657721958,CUG
ENSG00000113810.16,SMC4,22.7269604472714,CUG
ENSG00000100219.16,XBP1,-22.7225850866263,CDG
ENSG00000167207.14,NOD2,22.7178690764559,CUG
ENSG00000187231.14,SESTD1,22.6640632808046,CUG
ENSG00000169856.9,ONECUT1,-22.6385262272008,CDG
ENSG00000184292.7,TACSTD2,22.6200598545815,CUG
ENSG00000173715.18,C11orf80,22.6066017834558,CUG
ENSG00000077684.16,JADE1,-22.5978733586409,CDG
ENSG00000090382.7,LYZ,22.5651742230797,CUG
ENSG00000184408.10,KCND2,22.4745490675663,CUG
ENSG00000109084.14,TMEM97,-22.4372496517045,CDG
ENSG00000169814.16,BTD,-22.4142399457991,CDG
ENSG00000168394.11,TAP1,22.3926930256298,CUG
ENSG00000071539.14,TRIP13,22.3863897711141,CUG
ENSG00000184979.10,USP18,22.3702126816994,CUG
ENSG00000198203.10,SULT1C2,22.3665905185015,CUG
ENSG00000141316.13,SPACA3,-22.3429891262541,CDG
ENSG00000178222.13,RNF212,-22.320124510585,CDG
ENSG00000104427.12,ZC2HC1A,22.2944554821405,CUG
ENSG00000077782.21,FGFR1,-22.2903897610887,CDG
ENSG00000198829.6,SUCNR1,22.2762548941346,CUG
ENSG00000151491.14,EPS8,22.2332018777369,CUG
ENSG00000169116.11,PARM1,-22.2204620780077,CDG
ENSG00000166405.15,RIC3,-22.1913685607409,CDG
ENSG00000115457.10,IGFBP2,-22.1566957370482,CDG
ENSG00000106070.20,GRB10,-22.1558969387581,CDG
ENSG00000146070.17,PLA2G7,22.1304643472478,CUG
ENSG00000168952.15,STXBP6,-22.1181295034976,CDG
ENSG00000087495.17,PHACTR3,22.1142934910186,CUG
ENSG00000136840.19,ST6GALNAC4,-22.1117474393154,CDG
ENSG00000170921.15,TANC2,22.1103942148398,CUG
ENSG00000135052.16,GOLM1,22.0742362095564,CUG
ENSG00000110880.11,CORO1C,22.056842123232,CUG
ENSG00000128965.13,CHAC1,-22.0283501784839,CDG
ENSG00000091317.8,CMTM6,22.013393430029,CUG
ENSG00000165995.22,CACNB2,-22.0012981515552,CDG
ENSG00000159263.16,SIM2,21.9678097506171,CUG
ENSG00000105426.17,PTPRS,-21.939072293472,CDG
ENSG00000074800.16,ENO1,21.9375041850782,CUG
ENSG00000152254.11,G6PC2,-21.9080235996947,CDG
ENSG00000118515.11,SGK1,-21.8718367949906,CDG
ENSG00000167220.12,HDHD2,-21.8691157152393,CDG
ENSG00000136457.10,CHAD,-21.8675477260424,CDG
ENSG00000144136.11,SLC20A1,21.8485834680592,CUG
ENSG00000131941.8,RHPN2,21.8128621504729,CUG
ENSG00000102384.13,CENPI,21.7377855949354,CUG
ENSG00000108187.16,PBLD,-21.7181336839914,CDG
ENSG00000157193.18,LRP8,21.6961192040316,CUG
ENSG00000150093.20,ITGB1,21.6880869694214,CUG
ENSG00000083782.8,EPYC,21.6841313617547,CUG
ENSG00000109321.11,AREG,21.6731779228387,CUG
ENSG00000140931.20,CMTM3,21.6520398378856,CUG
ENSG00000123131.13,PRDX4,-21.6127596593797,CDG
ENSG00000133805.15,AMPD3,21.5411141364578,CUG
ENSG00000244020.3,MT1HL1,-21.5093810573971,CDG
ENSG00000169855.20,ROBO1,21.44745708456,CUG
ENSG00000176678.6,FOXL1,21.4279522525103,CUG
ENSG00000113209.9,PCDHB5,-21.4213828452522,CDG
ENSG00000145194.19,ECE2,-21.3891710364049,CDG
ENSG00000136842.14,TMOD1,-21.3599401144139,CDG
ENSG00000163888.4,CAMK2N2,-21.3358685279703,CDG
ENSG00000156026.14,MCU,21.2881321952122,CUG
ENSG00000120457.12,KCNJ5,-21.28757487086,CDG
ENSG00000049449.10,RCN1,21.2854116202096,CUG
ENSG00000166123.14,GPT2,-21.271774999514,CDG
ENSG00000163565.19,IFI16,21.2526191279862,CUG
ENSG00000115616.3,SLC9A2,21.2453895652091,CUG
ENSG00000113494.17,PRLR,-21.2427176788605,CDG
ENSG00000167775.11,CD320,-21.2177962288096,CDG
ENSG00000127824.14,TUBA4A,21.1978388096263,CUG
ENSG00000178776.5,C5orf46,21.1893728031051,CUG
ENSG00000196924.19,FLNA,21.181554280857,CUG
ENSG00000165655.17,ZNF503,-21.153435467701,CDG
ENSG00000005059.16,MCUB,21.1336554470533,CUG
ENSG00000184515.11,BEX5,-21.1116644091525,CDG
ENSG00000114757.19,PEX5L,-21.0712357971724,CDG
ENSG00000117054.14,ACADM,-21.0618614787465,CDG
ENSG00000118263.15,KLF7,21.019314170599,CUG
ENSG00000101230.6,ISM1,20.9750972629672,CUG
ENSG00000069702.11,TGFBR3,-20.9718188582739,CDG
ENSG00000171310.11,CHST11,20.9598938393242,CUG
ENSG00000128342.5,LIF,20.9457460569319,CUG
ENSG00000163328.14,GPR155,-20.9430963423032,CDG
ENSG00000136802.12,LRRC8A,20.9377043686745,CUG
ENSG00000138496.16,PARP9,20.930461057451,CUG
ENSG00000102743.15,SLC25A15,-20.9241452793226,CDG
ENSG00000169550.14,MUC15,-20.9174789957862,CDG
ENSG00000105514.8,RAB3D,-20.88514238229,CDG
ENSG00000171517.6,LPAR3,-20.8831050833484,CDG
ENSG00000157456.8,CCNB2,20.8494005513738,CUG
ENSG00000052802.13,MSMO1,20.8435498481826,CUG
ENSG00000013364.19,MVP,20.8259060364437,CUG
ENSG00000182481.10,KPNA2,20.8088498674872,CUG
ENSG00000122025.15,FLT3,-20.7972307022678,CDG
ENSG00000136141.15,LRCH1,20.7971357008567,CUG
ENSG00000112312.10,GMNN,-20.7830879110452,CDG
ENSG00000100979.15,PLTP,-20.7753950397039,CDG
ENSG00000141401.12,IMPA2,-20.772162484237,CDG
ENSG00000121966.7,CXCR4,20.7184947620657,CUG
ENSG00000185753.13,CXorf38,20.7020563659049,CUG
ENSG00000006652.15,IFRD1,-20.6935346751129,CDG
ENSG00000112984.12,KIF20A,20.6802374809164,CUG
ENSG00000162461.8,SLC25A34,-20.6604375546535,CDG
ENSG00000107104.20,KANK1,-20.6181143163066,CDG
ENSG00000136943.11,CTSV,20.5760672692473,CUG
ENSG00000240065.8,PSMB9,20.5152550217033,CUG
ENSG00000147364.17,FBXO25,-20.5100020668392,CDG
ENSG00000145321.13,GC,-20.5053012358436,CDG
ENSG00000044115.21,CTNNA1,20.4902199081594,CUG
ENSG00000169242.12,EFNA1,20.4731762331582,CUG
ENSG00000185947.15,ZNF267,20.4555162397648,CUG
ENSG00000185215.11,TNFAIP2,20.4469724796494,CUG
ENSG00000019169.10,MARCO,20.4425648724117,CUG
ENSG00000141627.14,DYM,-20.4373801144179,CDG
ENSG00000050165.18,DKK3,20.4246705415256,CUG
ENSG00000156968.9,MPV17L,-20.4092592545232,CDG
ENSG00000167874.7,TMEM88,-20.3942769878618,CDG
ENSG00000165238.16,WNK2,-20.3916697672037,CDG
ENSG00000157500.12,APPL1,-20.3907082443549,CDG
ENSG00000163032.12,VSNL1,20.3746827781136,CUG
ENSG00000133800.9,LYVE1,-20.3481403843066,CDG
ENSG00000150712.11,MTMR12,-20.3474286515102,CDG
ENSG00000036672.16,USP2,-20.3407426132655,CDG
ENSG00000176920.13,FUT2,20.3363229280551,CUG
ENSG00000129538.14,RNASE1,-20.3153508544446,CDG
ENSG00000198743.7,SLC5A3,20.2969562103746,CUG
ENSG00000169469.9,SPRR1B,20.2568349923047,CUG
ENSG00000094804.12,CDC6,20.2545168413564,CUG
ENSG00000168484.12,SFTPC,-20.2148663865063,CDG
ENSG00000169299.14,PGM2,20.2127087705682,CUG
ENSG00000170801.10,HTRA3,20.2036995706605,CUG
ENSG00000182795.13,C1orf116,20.1969024942955,CUG
ENSG00000167535.8,CACNB3,20.1927979576287,CUG
ENSG00000198554.12,WDHD1,20.1658887293641,CUG
ENSG00000111206.13,FOXM1,20.1570824930478,CUG
ENSG00000138311.18,ZNF365,20.1532606507285,CUG
ENSG00000163453.11,IGFBP7,20.1513787947457,CUG
ENSG00000144852.19,NR1I2,20.1458878586483,CUG
ENSG00000136997.21,MYC,-20.1163069785712,CDG
ENSG00000107731.12,UNC5B,20.1076943623432,CUG
ENSG00000141338.14,ABCA8,-20.0758536142953,CDG
ENSG00000104635.15,SLC39A14,-20.0314617186307,CDG
ENSG00000174951.11,FUT1,-19.9762868537424,CDG
ENSG00000147257.15,GPC3,-19.9631950185728,CDG
ENSG00000164574.16,GALNT10,19.9366004553932,CUG
ENSG00000110660.15,SLC35F2,19.9271088029052,CUG
ENSG00000171476.22,HOPX,19.9216041889254,CUG
ENSG00000187678.10,SPRY4,19.9164556125023,CUG
ENSG00000168143.9,FAM83B,19.9108487122953,CUG
ENSG00000132698.15,RAB25,19.8593929479908,CUG
ENSG00000154930.15,ACSS1,-19.7969473762595,CDG
ENSG00000111700.13,SLCO1B3,19.7840564523841,CUG
ENSG00000162599.17,NFIA,-19.7618891250113,CDG
ENSG00000137941.17,TTLL7,-19.752063266507,CDG
ENSG00000145623.13,OSMR,19.720246509352,CUG
ENSG00000115091.12,ACTR3,19.7197598449618,CUG
ENSG00000140682.19,TGFB1I1,19.7006251110372,CUG
ENSG00000120832.10,MTERF2,-19.6959874591336,CDG
ENSG00000175287.19,PHYHD1,-19.6800798987202,CDG
ENSG00000110492.15,MDK,19.6681010536928,CUG
ENSG00000108551.5,RASD1,-19.637248290496,CDG
ENSG00000175470.20,PPP2R2D,-19.6191069812776,CDG
ENSG00000154310.17,TNIK,19.5996669589002,CUG
ENSG00000009950.16,MLXIPL,-19.5776239504063,CDG
ENSG00000137960.6,GIPC2,-19.4909089888236,CDG
ENSG00000104447.13,TRPS1,19.4876135823867,CUG
ENSG00000102172.16,SMS,19.476652855182,CUG
ENSG00000172059.11,KLF11,-19.4613113429308,CDG
ENSG00000117399.14,CDC20,19.4302600381009,CUG
ENSG00000130159.14,ECSIT,-19.4215168679795,CDG
ENSG00000135617.4,PRADC1,-19.3560670562267,CDG
ENSG00000122729.19,ACO1,-19.3154618954013,CDG
ENSG00000203668.3,CHML,19.2922006966354,CUG
ENSG00000073792.16,IGF2BP2,19.2882251655863,CUG
ENSG00000075618.18,FSCN1,19.2766320314492,CUG
ENSG00000134757.5,DSG3,19.2443436705777,CUG
ENSG00000099282.10,TSPAN15,19.2136774605397,CUG
ENSG00000178607.16,ERN1,-19.1421418480914,CDG
ENSG00000204264.12,PSMB8,19.1196969509196,CUG
ENSG00000124766.7,SOX4,19.1181118726443,CUG
ENSG00000145819.18,ARHGAP26,19.1000933606661,CUG
ENSG00000146038.12,DCDC2,-19.0889092968428,CDG
ENSG00000120659.15,TNFSF11,19.0398647137187,CUG
ENSG00000091583.11,APOH,-19.0309617117147,CDG
ENSG00000117385.16,P3H1,19.022993240599,CUG
ENSG00000105854.13,PON2,19.01228727849,CUG
ENSG00000163636.11,PSMD6,-19.0046213486274,CDG
ENSG00000104112.9,SCG3,-19.0026178847413,CDG
ENSG00000065717.15,TLE2,-18.9578289359603,CDG
ENSG00000078967.13,UBE2D4,-18.9463131240253,CDG
ENSG00000169826.8,CSGALNACT2,18.9433260641392,CUG
ENSG00000112414.15,ADGRG6,18.920109778008,CUG
ENSG00000164684.13,ZNF704,-18.9099365249688,CDG
ENSG00000149218.5,ENDOD1,18.9065282808426,CUG
ENSG00000165775.18,FUNDC2,-18.8669862098084,CDG
ENSG00000152804.11,HHEX,-18.8616004563992,CDG
ENSG00000068615.19,REEP1,-18.838322663484,CDG
ENSG00000118596.12,SLC16A7,-18.8242804419385,CDG
ENSG00000164742.16,ADCY1,-18.8225168167987,CDG
ENSG00000134690.11,CDCA8,18.8193224117792,CUG
ENSG00000113231.14,PDE8B,-18.8112852225909,CDG
ENSG00000123843.13,C4BPB,18.7916808390015,CUG
ENSG00000158710.15,TAGLN2,18.779283435311,CUG
ENSG00000151623.15,NR3C2,-18.7688959757945,CDG
ENSG00000115415.20,STAT1,18.7655008614774,CUG
ENSG00000137440.5,FGFBP1,18.7594573088603,CUG
ENSG00000105926.16,MPP6,-18.6432293605147,CDG
ENSG00000115295.20,CLIP4,18.6315299205097,CUG
ENSG00000109083.14,IFT20,-18.6160358391441,CDG
ENSG00000168772.11,CXXC4,-18.6137561850534,CDG
ENSG00000063046.18,EIF4B,-18.6096638954513,CDG
ENSG00000152270.9,PDE3B,-18.5486118667093,CDG
ENSG00000172331.12,BPGM,18.5194299111823,CUG
ENSG00000084234.18,APLP2,18.504297872185,CUG
ENSG00000166546.14,BEAN1,18.4762378042674,CUG
ENSG00000099308.10,MAST3,-18.465394295436,CDG
ENSG00000017260.20,ATP2C1,18.4453269642946,CUG
ENSG00000176890.16,TYMS,18.4412142775257,CUG
ENSG00000166913.13,YWHAB,18.4404446553351,CUG
ENSG00000135823.14,STX6,18.4337194511904,CUG
ENSG00000147883.12,CDKN2B,18.4181576051122,CUG
ENSG00000005882.12,PDK2,-18.3757184480037,CDG
ENSG00000141449.15,GREB1L,18.3589989351084,CUG
ENSG00000124701.5,APOBEC2,-18.3534136940322,CDG
ENSG00000144554.12,FANCD2,18.3465174522313,CUG
ENSG00000133134.12,BEX2,-18.3464374169658,CDG
ENSG00000103150.7,MLYCD,-18.3281590924748,CDG
ENSG00000071073.13,MGAT4A,-18.2939974389746,CDG
ENSG00000198759.12,EGFL6,18.2779382696549,CUG
ENSG00000023445.16,BIRC3,18.2725489421489,CUG
ENSG00000198945.8,L3MBTL3,18.2527941173927,CUG
ENSG00000170190.16,SLC16A5,18.2519491453073,CUG
ENSG00000107957.16,SH3PXD2A,18.2417266270583,CUG
ENSG00000151725.12,CENPU,18.2359874357808,CUG
ENSG00000099622.14,CIRBP,-18.2149283749556,CDG
ENSG00000198729.5,PPP1R14C,18.2145042097193,CUG
ENSG00000147689.16,FAM83A,18.2074231061637,CUG
ENSG00000128791.12,TWSG1,18.2037429222911,CUG
ENSG00000135245.10,HILPDA,18.1982984452756,CUG
ENSG00000184363.10,PKP3,18.1632556636726,CUG
ENSG00000100526.20,CDKN3,18.1551199989154,CUG
ENSG00000186529.16,CYP4F3,18.1546270716344,CUG
ENSG00000139292.13,LGR5,18.133032409319,CUG
ENSG00000110011.13,DNAJC4,-18.128589384739,CDG
ENSG00000035403.18,VCL,18.1108689998975,CUG
ENSG00000137713.16,PPP2R1B,-18.0986002003384,CDG
ENSG00000172197.11,MBOAT1,18.0889855718785,CUG
ENSG00000100596.7,SPTLC2,18.087497140424,CUG
ENSG00000139974.16,SLC38A6,18.0800267905363,CUG
ENSG00000156218.13,ADAMTSL3,-18.067746683133,CDG
ENSG00000136010.14,ALDH1L2,-18.0615080337718,CDG
ENSG00000145365.11,TIFA,-18.0237416828294,CDG
ENSG00000163635.20,ATXN7,-17.9917567392722,CDG
ENSG00000233276.7,GPX1,17.9592844428803,CUG
ENSG00000134070.5,IRAK2,17.9514635649497,CUG
ENSG00000119922.10,IFIT2,17.9347140882437,CUG
ENSG00000172292.15,CERS6,17.9319696460086,CUG
ENSG00000118985.16,ELL2,-17.9307250570351,CDG
ENSG00000108106.14,UBE2S,17.9153015481018,CUG
ENSG00000068079.8,IFI35,17.8988512877449,CUG
ENSG00000074370.18,ATP2A3,-17.8636892976728,CDG
ENSG00000118160.14,SLC8A2,-17.8618479461754,CDG
ENSG00000013523.11,ANGEL1,-17.8528427777921,CDG
ENSG00000142273.13,CBLC,17.8408903831155,CUG
ENSG00000117450.15,PRDX1,17.8145694571571,CUG
ENSG00000177426.22,TGIF1,17.7987582222691,CUG
ENSG00000171940.13,ZNF217,17.7809563098846,CUG
ENSG00000107954.10,NEURL1,-17.7495011619582,CDG
ENSG00000156802.13,ATAD2,17.7418513137219,CUG
ENSG00000155465.20,SLC7A7,17.7247537843889,CUG
ENSG00000188338.15,SLC38A3,-17.699177431206,CDG
ENSG00000156398.13,SFXN2,-17.683770550197,CDG
ENSG00000146918.20,NCAPG2,17.6771357444772,CUG
ENSG00000173467.9,AGR3,17.6757534310787,CUG
ENSG00000137700.18,SLC37A4,-17.6641360135543,CDG
ENSG00000006125.18,AP2B1,17.6556860081095,CUG
ENSG00000197965.12,MPZL1,17.6328513542293,CUG
ENSG00000118242.16,MREG,17.5682122636661,CUG
ENSG00000101670.12,LIPG,17.5637226118961,CUG
ENSG00000100473.18,COCH,-17.5594961234317,CDG
ENSG00000136810.13,TXN,17.5522575050424,CUG
ENSG00000064763.11,FAR2,17.5511780517778,CUG
ENSG00000158457.6,TSPAN33,-17.5348346230497,CDG
ENSG00000140575.13,IQGAP1,17.5300891735968,CUG
ENSG00000198736.12,MSRB1,-17.5162777631405,CDG
ENSG00000189221.10,MAOA,-17.5010248116205,CDG
ENSG00000107745.19,MICU1,17.4929468634763,CUG
ENSG00000106236.4,NPTX2,-17.4822895091019,CDG
ENSG00000128573.26,FOXP2,-17.4581765648955,CDG
ENSG00000131910.5,NR0B2,-17.4327422444895,CDG
ENSG00000137868.19,STRA6,17.432340443308,CUG
ENSG00000090104.12,RGS1,17.4220681381114,CUG
ENSG00000158470.5,B4GALT5,17.4202739785269,CUG
ENSG00000138778.13,CENPE,17.4139773645797,CUG
ENSG00000130830.15,MPP1,-17.3730351648187,CDG
ENSG00000167600.14,CYP2S1,17.3473554855097,CUG
ENSG00000122691.13,TWIST1,17.3340771501843,CUG
ENSG00000135269.18,TES,17.3187330024357,CUG
ENSG00000148057.16,IDNK,-17.3047708782142,CDG
ENSG00000141736.14,ERBB2,17.2943025906416,CUG
ENSG00000169100.14,SLC25A6,-17.2893831877812,CDG
ENSG00000158825.6,CDA,17.2823668675586,CUG
ENSG00000162639.16,HENMT1,17.2814434918572,CUG
ENSG00000168032.10,ENTPD3,-17.278829622804,CDG
ENSG00000041880.14,PARP3,17.1995869028183,CUG
ENSG00000163162.9,RNF149,17.1952182577925,CUG
ENSG00000146755.11,TRIM50,-17.1730799953957,CDG
ENSG00000106031.9,HOXA13,17.1671916789597,CUG
ENSG00000178922.17,HYI,-17.1643725858159,CDG
ENSG00000130962.18,PRRG1,17.1469473402501,CUG
ENSG00000136238.18,RAC1,17.1360010999667,CUG
ENSG00000122585.8,NPY,-17.12596695811,CDG
ENSG00000156127.8,BATF,17.1012241608818,CUG
ENSG00000163661.4,PTX3,-17.070071995749,CDG
ENSG00000181409.14,AATK,-17.0500616943491,CDG
ENSG00000184574.10,LPAR5,17.0462026857612,CUG
ENSG00000174442.12,ZWILCH,17.0333755772301,CUG
ENSG00000170522.10,ELOVL6,17.0221012494595,CUG
ENSG00000184445.12,KNTC1,17.0130950994569,CUG
ENSG00000128590.5,DNAJB9,-16.9997867919495,CDG
ENSG00000125753.14,VASP,16.9815596186794,CUG
ENSG00000033178.13,UBA6,16.9799156952618,CUG
ENSG00000089220.5,PEBP1,-16.9694399943929,CDG
ENSG00000107864.15,CPEB3,-16.9674603192449,CDG
ENSG00000115386.6,REG1A,-16.936988861508,CDG
ENSG00000243364.8,EFNA4,16.9136291106153,CUG
ENSG00000138134.12,STAMBPL1,16.9080054729929,CUG
ENSG00000197329.12,PELI1,16.8942203343392,CUG
ENSG00000167105.8,TMEM92,16.8588040739765,CUG
ENSG00000223609.11,HBD,-16.8471467442543,CDG
ENSG00000151458.12,ANKRD50,16.8371774538953,CUG
ENSG00000163331.12,DAPL1,-16.8285330959378,CDG
ENSG00000066739.12,ATG2B,-16.8222445343758,CDG
ENSG00000130558.20,OLFM1,-16.8049465984051,CDG
ENSG00000183844.17,FAM3B,-16.7962943645625,CDG
ENSG00000134058.12,CDK7,16.7916392456236,CUG
ENSG00000082438.17,COBLL1,-16.7846627813228,CDG
ENSG00000102034.17,ELF4,16.7635679223394,CUG
ENSG00000138594.14,TMOD3,16.7521757082338,CUG
ENSG00000117139.18,KDM5B,16.7258321388666,CUG
ENSG00000196177.13,ACADSB,-16.7167167544654,CDG
ENSG00000170099.6,SERPINA6,-16.7064115352029,CDG
ENSG00000142149.9,HUNK,-16.7007185774188,CDG
ENSG00000163975.12,MELTF,16.7004819710018,CUG
ENSG00000166068.13,SPRED1,16.6835984711069,CUG
ENSG00000182568.17,SATB1,-16.6519277041126,CDG
ENSG00000132437.18,DDC,-16.6495312739562,CDG
ENSG00000171552.14,BCL2L1,16.6386894286238,CUG
ENSG00000072778.20,ACADVL,-16.6333471005349,CDG
ENSG00000182606.17,TRAK1,16.6062052461017,CUG
ENSG00000119866.22,BCL11A,-16.5977538894736,CDG
ENSG00000198643.7,FAM3D,16.5896782091534,CUG
ENSG00000244734.4,HBB,-16.5794242093049,CDG
ENSG00000030582.18,GRN,16.5663353436793,CUG
ENSG00000136883.14,KIF12,-16.5496206327661,CDG
ENSG00000100344.11,PNPLA3,16.5490210507298,CUG
ENSG00000173166.18,RAPH1,16.534382965958,CUG
ENSG00000138193.16,PLCE1,-16.533036702855,CDG
ENSG00000099954.18,CECR2,-16.525494540193,CDG
ENSG00000185133.14,INPP5J,-16.5089608169541,CDG
ENSG00000203760.9,CENPW,16.4843690808053,CUG
ENSG00000115159.16,GPD2,16.4729362516545,CUG
ENSG00000149260.18,CAPN5,16.4644063847184,CUG
ENSG00000182240.16,BACE2,16.4426633020559,CUG
ENSG00000072210.19,ALDH3A2,-16.4360424830764,CDG
ENSG00000188488.14,SERPINA5,-16.4285823253036,CDG
ENSG00000178878.13,APOLD1,-16.390295210757,CDG
ENSG00000130066.16,SAT1,16.3545491868949,CUG
ENSG00000138639.18,ARHGAP24,-16.3544974994665,CDG
ENSG00000148925.11,BTBD10,16.3289216413549,CUG
ENSG00000185745.10,IFIT1,16.3034423659669,CUG
ENSG00000183172.9,SMDT1,-16.3029401671755,CDG
ENSG00000150054.18,MPP7,-16.3016795693077,CDG
ENSG00000130768.15,SMPDL3B,-16.2937637180116,CDG
ENSG00000182263.14,FIGN,-16.2872459640379,CDG
ENSG00000152104.12,PTPN14,16.2599588470169,CUG
ENSG00000147010.18,SH3KBP1,16.2490447184121,CUG
ENSG00000134020.8,PEBP4,-16.2421967840023,CDG
ENSG00000197249.14,SERPINA1,16.2212795113888,CUG
ENSG00000158092.7,NCK1,16.1949124731685,CUG
ENSG00000160862.13,AZGP1,-16.1809361514075,CDG
ENSG00000141068.14,KSR1,-16.1802226465331,CDG
ENSG00000135409.11,AMHR2,-16.1745148538953,CDG
ENSG00000175591.12,P2RY2,16.1638193179609,CUG
ENSG00000105355.9,PLIN3,16.1556091387255,CUG
ENSG00000164442.10,CITED2,-16.1295748213877,CDG
ENSG00000114450.11,GNB4,16.1205178857354,CUG
ENSG00000180776.16,ZDHHC20,16.1076082049107,CUG
ENSG00000176597.12,B3GNT5,16.0993122403921,CUG
ENSG00000070182.21,SPTB,-16.0978680857736,CDG
ENSG00000153976.3,HS3ST3A1,16.0959070047046,CUG
ENSG00000106069.23,CHN2,-16.0950511125272,CDG
ENSG00000100003.18,SEC14L2,16.0905091980159,CUG
ENSG00000102981.10,PARD6A,-16.0798451104739,CDG
ENSG00000142945.13,KIF2C,16.0705258312577,CUG
ENSG00000102575.13,ACP5,16.024056424341,CUG
ENSG00000186480.13,INSIG1,-16.0187161503416,CDG
ENSG00000197415.12,VEPH1,-16.0096278281332,CDG
ENSG00000134317.18,GRHL1,15.9914683002802,CUG
ENSG00000185818.8,NAT8L,-15.9897196903513,CDG
ENSG00000100321.15,SYNGR1,-15.9863131858097,CDG
ENSG00000119917.14,IFIT3,15.9758617233741,CUG
ENSG00000120327.6,PCDHB14,15.9582841586389,CUG
ENSG00000121957.15,GPSM2,15.923043414262,CUG
ENSG00000080031.10,PTPRH,15.9178203905897,CUG
ENSG00000183092.16,BEGAIN,-15.8948643783104,CDG
ENSG00000171617.14,ENC1,15.8943967129903,CUG
ENSG00000163235.16,TGFA,15.8914379579536,CUG
ENSG00000173531.15,MST1,-15.8864693203208,CDG
ENSG00000107159.13,CA9,15.8781554424123,CUG
ENSG00000144320.14,LNPK,15.8746882982103,CUG
ENSG00000167741.11,GGT6,-15.8697124303105,CDG
ENSG00000153029.14,MR1,15.8672770280999,CUG
ENSG00000204228.4,HSD17B8,-15.8656816749936,CDG
ENSG00000153294.12,ADGRF4,15.8617473113506,CUG
ENSG00000116741.8,RGS2,-15.8582837693773,CDG
ENSG00000111885.7,MAN1A1,-15.8550910845787,CDG
ENSG00000165443.12,PHYHIPL,-15.8519448163569,CDG
ENSG00000106799.13,TGFBR1,15.8398722424372,CUG
ENSG00000165644.11,COMTD1,-15.8386974000707,CDG
ENSG00000162511.8,LAPTM5,15.8369019471056,CUG
ENSG00000186074.19,CD300LF,15.805087326355,CUG
ENSG00000149823.9,VPS51,-15.8035511707943,CDG
ENSG00000077238.14,IL4R,15.7984850684262,CUG
ENSG00000161381.14,PLXDC1,15.7955418318922,CUG
ENSG00000161921.17,CXCL16,15.775720534626,CUG
ENSG00000164938.14,TP53INP1,-15.7691532841666,CDG
ENSG00000112242.15,E2F3,15.7346499383685,CUG
ENSG00000090376.11,IRAK3,15.7199704409143,CUG
ENSG00000141756.19,FKBP10,15.7190495705896,CUG
ENSG00000184164.15,CRELD2,-15.7158818106514,CDG
ENSG00000124882.4,EREG,15.7114703674014,CUG
ENSG00000170927.15,PKHD1,-15.6991361171078,CDG
ENSG00000100258.18,LMF2,-15.6856237554515,CDG
ENSG00000111729.14,CLEC4A,15.681406970191,CUG
ENSG00000074047.22,GLI2,15.6747419963505,CUG
ENSG00000153113.24,CAST,15.6471864445963,CUG
ENSG00000176273.15,SLC35G1,-15.6448627852603,CDG
ENSG00000155380.12,SLC16A1,15.6444422463066,CUG
ENSG00000115339.14,GALNT3,15.6276220842246,CUG
ENSG00000124201.15,ZNFX1,15.6232970382687,CUG
ENSG00000132846.6,ZBED3,-15.607460442597,CDG
ENSG00000172244.9,C5orf34,15.5823186584456,CUG
ENSG00000005187.12,ACSM3,-15.5741722165867,CDG
ENSG00000164530.15,PI16,-15.5624069255649,CDG
ENSG00000155093.19,PTPRN2,-15.5609482251333,CDG
ENSG00000170558.10,CDH2,15.5150658369233,CUG
ENSG00000138079.14,SLC3A1,-15.4568533293339,CDG
ENSG00000124406.16,ATP8A1,-15.4409494742123,CDG
ENSG00000181467.5,RAP2B,15.4343266631803,CUG
ENSG00000196547.15,MAN2A2,-15.421887803231,CDG
ENSG00000115042.10,FAHD2A,-15.4156899814105,CDG
ENSG00000257218.6,GATC,-15.3896498514134,CDG
ENSG00000170421.12,KRT8,15.3693130368903,CUG
ENSG00000108932.12,SLC16A6,15.3650197008743,CUG
ENSG00000170542.6,SERPINB9,15.3491851820349,CUG
ENSG00000118200.14,CAMSAP2,15.3418075924967,CUG
ENSG00000149654.11,CDH22,-15.3116394685284,CDG
ENSG00000157017.16,GHRL,-15.268881227798,CDG
ENSG00000198467.16,TPM2,15.2612843277881,CUG
ENSG00000139734.19,DIAPH3,15.2561523593652,CUG
ENSG00000152952.12,PLOD2,15.2340542076951,CUG
ENSG00000118898.16,PPL,15.2291586975809,CUG
ENSG00000139618.16,BRCA2,15.2281071896929,CUG
ENSG00000163808.17,KIF15,15.2215181030052,CUG
ENSG00000106462.11,EZH2,15.2077928844812,CUG
ENSG00000119314.16,PTBP3,15.2037524037307,CUG
ENSG00000104432.14,IL7,15.1878406562621,CUG
ENSG00000131724.11,IL13RA1,15.1867862700014,CUG
ENSG00000139354.11,GAS2L3,15.1830794263828,CUG
ENSG00000076003.5,MCM6,15.1570044885789,CUG
ENSG00000183696.14,UPP1,15.1534904859337,CUG
ENSG00000130529.16,TRPM4,15.1430333336193,CUG
ENSG00000171861.11,MRM3,-15.1394412739986,CDG
ENSG00000106538.10,RARRES2,-15.1255732930421,CDG
ENSG00000057657.17,PRDM1,15.1146026608598,CUG
ENSG00000197977.4,ELOVL2,-15.1143384786444,CDG
ENSG00000144118.14,RALB,15.097219305558,CUG
ENSG00000185736.16,ADARB2,-15.0950009168286,CDG
ENSG00000149582.16,TMEM25,-15.0871774020556,CDG
ENSG00000196230.13,TUBB,15.0692381990085,CUG
ENSG00000198162.12,MAN1A2,-15.0659201977601,CDG
ENSG00000127946.17,HIP1,15.0588493154397,CUG
ENSG00000185519.9,FAM131C,-15.048867681983,CDG
ENSG00000140464.20,PML,15.0303184202396,CUG
ENSG00000169756.16,LIMS1,15.0108806541017,CUG
ENSG00000164066.13,INTU,15.0022817719976,CUG
ENSG00000139668.9,WDFY2,-14.9977494253412,CDG
ENSG00000112079.9,STK38,14.9967344306621,CUG
ENSG00000110723.12,EXPH5,14.9858070345297,CUG
ENSG00000136040.9,PLXNC1,14.9799595619868,CUG
ENSG00000185737.13,NRG3,14.9779978320213,CUG
ENSG00000115596.4,WNT6,-14.9761449668337,CDG
ENSG00000180667.10,YOD1,14.9680812052485,CUG
ENSG00000136160.17,EDNRB,-14.9531026308088,CDG
ENSG00000271447.6,MMP28,14.9495648543308,CUG
ENSG00000118680.14,MYL12B,14.8937179580305,CUG
ENSG00000116649.10,SRM,-14.8719604610461,CDG
ENSG00000111907.21,TPD52L1,-14.8607029226368,CDG
ENSG00000198598.6,MMP17,-14.8558120483936,CDG
ENSG00000183049.13,CAMK1D,-14.8348916431941,CDG
ENSG00000111879.20,FAM184A,-14.8194596005848,CDG
ENSG00000180921.7,FAM83H,14.8158881134371,CUG
ENSG00000099875.15,MKNK2,-14.8130178233706,CDG
ENSG00000063127.16,SLC6A16,-14.8067665239776,CDG
ENSG00000100934.15,SEC23A,14.7931537162439,CUG
ENSG00000072849.11,DERL2,-14.7848344748952,CDG
ENSG00000171843.17,MLLT3,14.7781297047219,CUG
ENSG00000172071.14,EIF2AK3,-14.7687648804397,CDG
ENSG00000171840.12,NINJ2,14.7579597131548,CUG
ENSG00000164292.13,RHOBTB3,-14.7426604565901,CDG
ENSG00000114279.13,FGF12,-14.7192332209067,CDG
ENSG00000006747.15,SCIN,14.7175294104047,CUG
ENSG00000138386.17,NAB1,14.7013628033528,CUG
ENSG00000171033.13,PKIA,14.6948231893399,CUG
ENSG00000149269.10,PAK1,14.6908839450203,CUG
ENSG00000173320.12,STOX2,-14.6731323982023,CDG
ENSG00000111490.15,TBC1D30,-14.6666864666749,CDG
ENSG00000177830.18,CHID1,-14.6603485313663,CDG
ENSG00000160255.18,ITGB2,14.6467864754361,CUG
ENSG00000102524.11,TNFSF13B,14.6414430758976,CUG
ENSG00000167972.14,ABCA3,-14.6359969838,CDG
ENSG00000169344.15,UMOD,-14.5890261262467,CDG
ENSG00000153558.16,FBXL2,14.5822684651415,CUG
ENSG00000165495.16,PKNOX2,-14.5698950478698,CDG
ENSG00000172757.13,CFL1,14.5592187139555,CUG
ENSG00000123130.17,ACOT9,14.546806597415,CUG
ENSG00000170540.15,ARL6IP1,14.5424488835286,CUG
ENSG00000241058.4,NSUN6,-14.5226301566643,CDG
ENSG00000197798.9,FAM118B,14.5188484076753,CUG
ENSG00000138071.14,ACTR2,14.4708438198042,CUG
ENSG00000163131.11,CTSS,14.4676025223989,CUG
ENSG00000254986.7,DPP3,14.463224162304,CUG
ENSG00000146233.8,CYP39A1,-14.4613329312832,CDG
ENSG00000165943.5,MOAP1,-14.4588859966494,CDG
ENSG00000007866.22,TEAD3,14.4457400043532,CUG
ENSG00000163435.16,ELF3,14.4416710135953,CUG
ENSG00000133710.16,SPINK5,14.4379412343274,CUG
ENSG00000157927.17,RADIL,-14.4375580962722,CDG
ENSG00000173207.13,CKS1B,14.429604074502,CUG
ENSG00000100300.18,TSPO,14.4094116968699,CUG
ENSG00000121281.13,ADCY7,14.4043562255821,CUG
ENSG00000012779.11,ALOX5,14.4037619415272,CUG
ENSG00000129244.9,ATP1B2,-14.389946758959,CDG
ENSG00000136014.12,USP44,-14.381213672852,CDG
ENSG00000137831.15,UACA,14.3722622468321,CUG
ENSG00000159128.15,IFNGR2,14.3560215130859,CUG
ENSG00000182934.12,SRPRA,-14.3424711535505,CDG
ENSG00000055955.17,ITIH4,-14.3358358824827,CDG
ENSG00000075643.6,MOCOS,14.3269039195045,CUG
ENSG00000001626.16,CFTR,-14.3254093847982,CDG
ENSG00000139220.17,PPFIA2,14.3251424867883,CUG
ENSG00000107537.14,PHYH,-14.3182669341313,CDG
ENSG00000109861.17,CTSC,14.3167196732555,CUG
ENSG00000161640.15,SIGLEC11,-14.3108023050498,CDG
ENSG00000139914.6,FITM1,-14.2828530836257,CDG
ENSG00000139289.13,PHLDA1,14.2729579310341,CUG
ENSG00000173692.14,PSMD1,14.2714174740611,CUG
ENSG00000185885.16,IFITM1,14.2659971255077,CUG
ENSG00000102098.19,SCML2,-14.2603214759783,CDG
ENSG00000146858.8,ZC3HAV1L,14.2598811407148,CUG
ENSG00000140092.14,FBLN5,-14.2569850199247,CDG
ENSG00000176058.13,TPRN,-14.2567501177607,CDG
ENSG00000025796.14,SEC63,-14.2546934257189,CDG
ENSG00000089486.17,CDIP1,-14.2474158034167,CDG
ENSG00000143622.11,RIT1,14.2414385669684,CUG
ENSG00000165512.5,ZNF22,-14.2325403974239,CDG
ENSG00000101003.10,GINS1,14.1871621280828,CUG
ENSG00000164756.12,SLC30A8,-14.1733294449578,CDG
ENSG00000105538.10,RASIP1,-14.1583913252346,CDG
ENSG00000138771.16,SHROOM3,14.1578046861812,CUG
ENSG00000145860.12,RNF145,14.1429407510349,CUG
ENSG00000154127.10,UBASH3B,14.1411439775417,CUG
ENSG00000163395.17,IGFN1,-14.1405893408381,CDG
ENSG00000163864.17,NMNAT3,-14.133402131318,CDG
ENSG00000143995.20,MEIS1,-14.1278768564429,CDG
ENSG00000156510.13,HKDC1,14.1241154994378,CUG
ENSG00000180787.6,ZFP3,-14.1111600253917,CDG
ENSG00000172339.10,ALG14,-14.1078862013704,CDG
ENSG00000138709.19,LARP1B,-14.1074862495797,CDG
ENSG00000167037.19,SGSM1,-14.1015358940587,CDG
ENSG00000104177.18,MYEF2,-14.0876428875666,CDG
ENSG00000183019.7,MCEMP1,14.0843875179338,CUG
ENSG00000123095.6,BHLHE41,14.0788631096091,CUG
ENSG00000121578.13,B4GALT4,14.0682854835863,CUG
ENSG00000184232.9,OAF,-14.0375968178249,CDG
ENSG00000107485.18,GATA3,14.0318786841067,CUG
ENSG00000134215.16,VAV3,-14.0300453659225,CDG
ENSG00000130653.16,PNPLA7,-14.0236573107414,CDG
ENSG00000121691.7,CAT,-14.0189117574011,CDG
ENSG00000172766.19,NAA16,-14.0087668204522,CDG
ENSG00000105552.15,BCAT2,-14.004196215557,CDG
ENSG00000196776.17,CD47,14.0018803408368,CUG
ENSG00000144867.13,SRPRB,-13.9987430019014,CDG
ENSG00000137693.14,YAP1,13.9985876990739,CUG
ENSG00000130309.11,COLGALT1,13.9902314551614,CUG
ENSG00000157224.16,CLDN12,13.968477803887,CUG
ENSG00000179051.14,RCC2,13.9512977134494,CUG
ENSG00000184905.9,TCEAL2,-13.9381599073189,CDG
ENSG00000185352.8,HS6ST3,-13.9357565798787,CDG
ENSG00000121900.19,TMEM54,13.9276753285633,CUG
ENSG00000103485.19,QPRT,-13.9273091524202,CDG
ENSG00000197299.12,BLM,13.9227886824842,CUG
ENSG00000113328.19,CCNG1,-13.9138969826175,CDG
ENSG00000136870.10,ZNF189,-13.896763289519,CDG
ENSG00000130402.13,ACTN4,13.8941480480955,CUG
ENSG00000165376.11,CLDN2,13.8788399793428,CUG
ENSG00000198363.18,ASPH,13.8638569572004,CUG
ENSG00000143771.12,CNIH4,13.8623340669723,CUG
ENSG00000204618.8,RNF39,13.8549213530279,CUG
ENSG00000078070.13,MCCC1,-13.8494616699514,CDG
ENSG00000013583.10,HEBP1,-13.8307949534773,CDG
ENSG00000143333.7,RGS16,13.8236191661325,CUG
ENSG00000187908.20,DMBT1,13.8205624402929,CUG
ENSG00000137460.9,FHDC1,13.8201512970081,CUG
ENSG00000102886.15,GDPD3,13.8176208954008,CUG
ENSG00000132359.15,RAP1GAP2,-13.8031242355573,CDG
ENSG00000115902.11,SLC1A4,-13.7997352799951,CDG
ENSG00000213928.9,IRF9,13.7959102402369,CUG
ENSG00000103642.12,LACTB,13.7939530016611,CUG
ENSG00000112357.14,PEX7,-13.7914982451089,CDG
ENSG00000079805.18,DNM2,13.7908140759689,CUG
ENSG00000074755.15,ZZEF1,-13.7661906626687,CDG
ENSG00000143401.15,ANP32E,13.7609202162909,CUG
ENSG00000162734.13,PEA15,13.7462118848519,CUG
ENSG00000115840.14,SLC25A12,13.7439509387517,CUG
ENSG00000163840.10,DTX3L,13.6955083137908,CUG
ENSG00000145715.15,RASA1,13.6799425649924,CUG
ENSG00000136444.10,RSAD1,-13.674361619353,CDG
ENSG00000179348.12,GATA2,-13.6734937431263,CDG
ENSG00000156042.18,CFAP70,-13.6627669037478,CDG
ENSG00000162885.14,B3GALNT2,-13.6626743091424,CDG
ENSG00000172346.15,CSDC2,-13.6584309897483,CDG
ENSG00000104723.21,TUSC3,-13.6577259235017,CDG
ENSG00000147535.17,PLPP5,-13.6559903501778,CDG
ENSG00000181234.9,TMEM132C,-13.6509173724194,CDG
ENSG00000132970.14,WASF3,-13.6500266388972,CDG
ENSG00000132623.16,ANKEF1,-13.6429625489122,CDG
ENSG00000134668.12,SPOCD1,13.640744745908,CUG
ENSG00000117318.9,ID3,13.6261830009546,CUG
ENSG00000135960.10,EDAR,13.6141368004322,CUG
ENSG00000123453.18,SARDH,-13.6025382770852,CDG
ENSG00000149809.16,TM7SF2,-13.5902981694998,CDG
ENSG00000204217.15,BMPR2,13.5872304927343,CUG
ENSG00000078237.7,TIGAR,13.5857846794676,CUG
ENSG00000170293.9,CMTM8,-13.5839530994655,CDG
ENSG00000137273.6,FOXF2,13.5834185754273,CUG
ENSG00000168874.13,ATOH8,-13.5780085494669,CDG
ENSG00000136492.9,BRIP1,13.5701686586015,CUG
ENSG00000165169.11,DYNLT3,13.5669556156852,CUG
ENSG00000143375.15,CGN,13.5645070469624,CUG
ENSG00000173193.15,PARP14,13.5632470688357,CUG
ENSG00000154473.18,BUB3,13.5477872593749,CUG
ENSG00000180806.5,HOXC9,13.5462609484572,CUG
ENSG00000051108.15,HERPUD1,-13.536267310243,CDG
ENSG00000117983.17,MUC5B,13.5358329878281,CUG
ENSG00000175390.15,EIF3F,-13.5137653806716,CDG
ENSG00000073111.14,MCM2,13.5022224928733,CUG
ENSG00000103569.10,AQP9,13.4946783710911,CUG
ENSG00000038382.20,TRIO,13.4863693131431,CUG
ENSG00000198951.12,NAGA,13.4511139459939,CUG
ENSG00000085491.17,SLC25A24,13.4495257078515,CUG
ENSG00000125888.15,BANF2,-13.4440105220489,CDG
ENSG00000140263.15,SORD,13.438207146174,CUG
ENSG00000086506.3,HBQ1,-13.4255798105815,CDG
ENSG00000176915.15,ANKLE2,13.4135747930751,CUG
ENSG00000111319.13,SCNN1A,13.4037016308516,CUG
ENSG00000144749.14,LRIG1,-13.3977113689125,CDG
ENSG00000173083.15,HPSE,13.397512147833,CUG
ENSG00000174684.7,B4GAT1,-13.3825769569287,CDG
ENSG00000198742.10,SMURF1,13.3803123643075,CUG
ENSG00000241935.9,HOGA1,-13.3795722018797,CDG
ENSG00000131378.14,RFTN1,13.3744361752792,CUG
ENSG00000123612.16,ACVR1C,-13.3425464647502,CDG
ENSG00000085117.12,CD82,13.3364492176994,CUG
ENSG00000113739.10,STC2,-13.3038615246378,CDG
ENSG00000102531.16,FNDC3A,-13.2719511557562,CDG
ENSG00000123353.10,ORMDL2,13.2710813027586,CUG
ENSG00000110888.17,CAPRIN2,13.2660052181782,CUG
ENSG00000164040.18,PGRMC2,-13.2617868505985,CDG
ENSG00000108179.14,PPIF,-13.2491916482664,CDG
ENSG00000204186.10,ZDBF2,-13.2481734631525,CDG
ENSG00000178623.12,GPR35,13.24655710408,CUG
ENSG00000088448.14,ANKRD10,13.2388472196854,CUG
ENSG00000138640.15,FAM13A,-13.2262333691123,CDG
ENSG00000118971.9,CCND2,-13.2261141964843,CDG
ENSG00000170296.10,GABARAP,-13.2241429198266,CDG
ENSG00000198855.7,FICD,-13.2212935072063,CDG
ENSG00000073756.12,PTGS2,13.2183314300686,CUG
ENSG00000143365.19,RORC,-13.206455250676,CDG
ENSG00000103494.15,RPGRIP1L,13.1846279306923,CUG
ENSG00000134443.10,GRP,13.1798326248299,CUG
ENSG00000146386.8,ABRACL,13.1737427848329,CUG
ENSG00000143498.18,TAF1A,13.1634918052622,CUG
ENSG00000163029.16,SMC6,13.1599782015261,CUG
ENSG00000112146.17,FBXO9,-13.1471512094526,CDG
ENSG00000006611.17,USH1C,13.144336107129,CUG
ENSG00000137936.18,BCAR3,13.1401168183727,CUG
ENSG00000166750.10,SLFN5,13.1280600842901,CUG
ENSG00000176853.16,FAM91A1,13.1192577392035,CUG
ENSG00000143013.13,LMO4,13.1137295102557,CUG
ENSG00000116990.11,MYCL,-13.0882624278048,CDG
ENSG00000080293.10,SCTR,-13.0867520037005,CDG
ENSG00000080815.19,PSEN1,13.0702887193397,CUG
ENSG00000167740.10,CYB5D2,-13.0683239547611,CDG
ENSG00000186767.7,SPIN4,13.0570137070909,CUG
ENSG00000274211.6,SOCS7,-13.0548733251301,CDG
ENSG00000050426.16,LETMD1,-13.0331266225328,CDG
ENSG00000177570.15,SAMD12,13.031608047312,CUG
ENSG00000171302.17,CANT1,13.0286942719144,CUG
ENSG00000166922.8,SCG5,-13.0121455310483,CDG
ENSG00000103460.17,TOX3,13.0059447133065,CUG
ENSG00000147065.17,MSN,12.999395624956,CUG
ENSG00000000460.17,C1orf112,12.9956662660393,CUG
ENSG00000183978.8,COA3,-12.976135583612,CDG
ENSG00000088367.23,EPB41L1,12.973910669199,CUG
ENSG00000185442.13,FAM174B,-12.9724551654427,CDG
ENSG00000152620.13,NADK2,-12.9647697311896,CDG
ENSG00000146425.11,DYNLT1,12.955564772487,CUG
ENSG00000174151.15,CYB561D1,-12.9354575342806,CDG
ENSG00000134775.15,FHOD3,12.9231883364248,CUG
ENSG00000135931.18,ARMC9,12.9202242450832,CUG
ENSG00000180745.5,CLRN3,12.9131827882993,CUG
ENSG00000198833.7,UBE2J1,-12.9124094796885,CDG
ENSG00000116478.12,HDAC1,12.9041224749041,CUG
ENSG00000270885.2,RASL10B,-12.9026605618339,CDG
ENSG00000106809.11,OGN,-12.8908932640631,CDG
ENSG00000162591.16,MEGF6,12.8741893664298,CUG
ENSG00000136048.14,DRAM1,12.8650733702688,CUG
ENSG00000163623.9,NKX6-1,-12.856346807666,CDG
ENSG00000030419.16,IKZF2,12.8504910545798,CUG
ENSG00000111145.8,ELK3,12.8382367141531,CUG
ENSG00000059804.16,SLC2A3,12.8350386717655,CUG
ENSG00000140479.18,PCSK6,12.8244111764383,CUG
ENSG00000109794.13,FAM149A,-12.82412116318,CDG
ENSG00000166710.21,B2M,12.8215395561113,CUG
ENSG00000112118.20,MCM3,12.8206698870326,CUG
ENSG00000198825.15,INPP5F,12.8107408642614,CUG
ENSG00000197444.10,OGDHL,-12.8009459807961,CDG
ENSG00000125170.11,DOK4,12.7997184042827,CUG
ENSG00000160588.10,MPZL3,12.7937040760493,CUG
