gene_id,gene_symbol
ENSG00000124882.4,EREG
ENSG00000115902.11,SLC1A4
ENSG00000115008.6,IL1A
ENSG00000176390.12,CRLF3
ENSG00000132329.11,RAMP1
ENSG00000136810.13,TXN
ENSG00000087253.13,LPCAT2
ENSG00000180263.14,FGD6
ENSG00000151276.23,MAGI1
ENSG00000166866.13,MYO1A
ENSG00000188959.9,C9orf152
ENSG00000131781.13,FMO5
ENSG00000137965.11,IFI44
ENSG00000135930.14,EIF4E2
ENSG00000171345.13,KRT19
ENSG00000078674.18,PCM1
ENSG00000102043.16,MTMR8
ENSG00000172765.17,TMCC1
ENSG00000160710.17,ADAR
ENSG00000164283.13,ESM1
ENSG00000104888.10,SLC17A7
ENSG00000100564.9,PIGH
ENSG00000108641.19,B9D1
ENSG00000178821.13,TMEM52
ENSG00000104635.15,SLC39A14
ENSG00000116679.16,IVNS1ABP
ENSG00000115762.16,PLEKHB2
ENSG00000016391.11,CHDH
ENSG00000163754.18,GYG1
ENSG00000072571.20,HMMR
ENSG00000111145.8,ELK3
ENSG00000121361.5,KCNJ8
ENSG00000167741.11,GGT6
ENSG00000100307.13,CBX7
ENSG00000140937.14,CDH11
ENSG00000007384.15,RHBDF1
ENSG00000111674.9,ENO2
ENSG00000113303.12,BTNL8
ENSG00000118689.15,FOXO3
ENSG00000170175.11,CHRNB1
ENSG00000196776.17,CD47
ENSG00000137486.17,ARRB1
ENSG00000107223.13,EDF1
ENSG00000249853.8,HS3ST5
ENSG00000130675.15,MNX1
ENSG00000121691.7,CAT
ENSG00000011465.18,DCN
ENSG00000135773.13,CAPN9
ENSG00000165443.12,PHYHIPL
ENSG00000086696.11,HSD17B2
ENSG00000171310.11,CHST11
ENSG00000153827.14,TRIP12
ENSG00000153347.10,FAM81B
ENSG00000171794.4,UTF1
ENSG00000010438.17,PRSS3
ENSG00000138594.14,TMOD3
ENSG00000012061.16,ERCC1
ENSG00000085871.9,MGST2
ENSG00000006453.14,BAIAP2L1
ENSG00000164588.8,HCN1
ENSG00000088926.14,F11
ENSG00000188389.11,PDCD1
ENSG00000102384.13,CENPI
ENSG00000156026.14,MCU
ENSG00000112742.10,TTK
ENSG00000163631.17,ALB
ENSG00000131910.5,NR0B2
ENSG00000126709.15,IFI6
ENSG00000148053.17,NTRK2
ENSG00000150593.18,PDCD4
ENSG00000113368.12,LMNB1
ENSG00000254087.8,LYN
ENSG00000106069.23,CHN2
ENSG00000184436.12,THAP7
ENSG00000101457.13,DNTTIP1
ENSG00000127220.6,ABHD8
ENSG00000113578.18,FGF1
ENSG00000006042.12,TMEM98
ENSG00000106799.13,TGFBR1
ENSG00000196188.12,CTSE
ENSG00000052841.15,TTC17
ENSG00000175984.15,DENND2C
ENSG00000123612.16,ACVR1C
ENSG00000143507.18,DUSP10
ENSG00000060709.15,RIMBP2
ENSG00000258818.4,RNASE4
ENSG00000169679.15,BUB1
ENSG00000126259.20,KIRREL2
ENSG00000102575.13,ACP5
ENSG00000057593.14,F7
ENSG00000126218.12,F10
ENSG00000138639.18,ARHGAP24
ENSG00000176490.5,DIRAS1
ENSG00000175592.9,FOSL1
ENSG00000213923.13,CSNK1E
ENSG00000047457.14,CP
ENSG00000171877.21,FRMD5
ENSG00000105290.13,APLP1
ENSG00000215704.10,CELA2B
ENSG00000163251.4,FZD5
ENSG00000122641.11,INHBA
ENSG00000205629.12,LCMT1
ENSG00000179085.8,DPM3
ENSG00000158516.12,CPA2
ENSG00000079689.14,SCGN
ENSG00000104679.12,R3HCC1
ENSG00000196586.16,MYO6
ENSG00000123130.17,ACOT9
ENSG00000168216.13,LMBRD1
ENSG00000148660.20,CAMK2G
ENSG00000133110.15,POSTN
ENSG00000074657.14,ZNF532
ENSG00000158201.10,ABHD3
ENSG00000171812.13,COL8A2
ENSG00000166831.9,RBPMS2
ENSG00000152056.17,AP1S3
ENSG00000111404.7,RERGL
ENSG00000168952.15,STXBP6
ENSG00000112874.10,NUDT12
ENSG00000106789.13,CORO2A
ENSG00000198792.13,TMEM184B
ENSG00000185024.17,BRF1
ENSG00000046653.15,GPM6B
ENSG00000145287.11,PLAC8
ENSG00000116815.16,CD58
ENSG00000172346.15,CSDC2
ENSG00000120549.18,KIAA1217
ENSG00000034510.6,TMSB10
ENSG00000100321.15,SYNGR1
ENSG00000196639.7,HRH1
ENSG00000162591.16,MEGF6
ENSG00000063046.18,EIF4B
ENSG00000257594.4,GALNT4
ENSG00000138271.6,GPR87
ENSG00000204618.8,RNF39
ENSG00000161270.20,NPHS1
ENSG00000006747.15,SCIN
ENSG00000145703.16,IQGAP2
ENSG00000077264.15,PAK3
ENSG00000164823.11,OSGIN2
ENSG00000011347.10,SYT7
ENSG00000108309.14,RUNDC3A
ENSG00000103855.18,CD276
ENSG00000196878.15,LAMB3
ENSG00000135318.12,NT5E
ENSG00000177700.6,POLR2L
ENSG00000161649.13,CD300LG
ENSG00000174502.19,SLC26A9
ENSG00000103494.15,RPGRIP1L
ENSG00000182224.12,CYB5D1
ENSG00000165113.13,GKAP1
ENSG00000141905.19,NFIC
ENSG00000174951.11,FUT1
ENSG00000183092.16,BEGAIN
ENSG00000113739.10,STC2
ENSG00000130413.15,STK33
ENSG00000171819.5,ANGPTL7
ENSG00000149311.19,ATM
ENSG00000112893.9,MAN2A1
ENSG00000110723.12,EXPH5
ENSG00000164237.9,CMBL
ENSG00000103642.12,LACTB
ENSG00000175084.12,DES
ENSG00000171346.16,KRT15
ENSG00000245848.3,CEBPA
ENSG00000241935.9,HOGA1
ENSG00000181019.13,NQO1
ENSG00000142484.7,TM4SF5
ENSG00000138161.14,CUZD1
ENSG00000129128.13,SPCS3
ENSG00000103150.7,MLYCD
ENSG00000115590.14,IL1R2
ENSG00000141646.14,SMAD4
ENSG00000154102.11,C16orf74
ENSG00000104312.8,RIPK2
ENSG00000142230.13,SAE1
ENSG00000171791.14,BCL2
ENSG00000112855.17,HARS2
ENSG00000172016.16,REG3A
ENSG00000197157.11,SND1
ENSG00000083782.8,EPYC
ENSG00000141627.14,DYM
ENSG00000197275.14,RAD54B
ENSG00000164144.16,ARFIP1
ENSG00000166347.19,CYB5A
ENSG00000118507.17,AKAP7
ENSG00000151690.15,MFSD6
ENSG00000153214.11,TMEM87B
ENSG00000171552.14,BCL2L1
ENSG00000105514.8,RAB3D
ENSG00000143801.18,PSEN2
ENSG00000070501.12,POLB
ENSG00000164742.16,ADCY1
ENSG00000189143.9,CLDN4
ENSG00000124813.23,RUNX2
ENSG00000112877.8,CEP72
ENSG00000139292.13,LGR5
ENSG00000166441.13,RPL27A
ENSG00000167434.10,CA4
ENSG00000166913.13,YWHAB
ENSG00000140519.14,RHCG
ENSG00000115415.20,STAT1
ENSG00000137959.16,IFI44L
ENSG00000005187.12,ACSM3
ENSG00000162849.16,KIF26B
ENSG00000131626.19,PPFIA1
ENSG00000132334.17,PTPRE
ENSG00000186998.16,EMID1
ENSG00000100722.20,ZC3H14
ENSG00000169245.6,CXCL10
ENSG00000185818.8,NAT8L
ENSG00000133392.18,MYH11
ENSG00000165046.13,LETM2
ENSG00000137731.14,FXYD2
ENSG00000013583.10,HEBP1
ENSG00000135750.15,KCNK1
ENSG00000185499.16,MUC1
ENSG00000103671.10,TRIP4
ENSG00000130988.13,RGN
ENSG00000157483.9,MYO1E
ENSG00000120539.15,MASTL
ENSG00000197713.15,RPE
ENSG00000013810.20,TACC3
ENSG00000135090.14,TAOK3
ENSG00000040531.16,CTNS
ENSG00000172554.12,SNTG2
ENSG00000163359.16,COL6A3
ENSG00000102034.17,ELF4
ENSG00000184220.12,CMSS1
ENSG00000124216.4,SNAI1
ENSG00000162545.6,CAMK2N1
ENSG00000117543.21,DPH5
ENSG00000156970.13,BUB1B
ENSG00000164305.19,CASP3
ENSG00000183049.13,CAMK1D
ENSG00000153786.13,ZDHHC7
ENSG00000083520.15,DIS3
ENSG00000167077.13,MEI1
ENSG00000119125.17,GDA
ENSG00000114030.13,KPNA1
ENSG00000077238.14,IL4R
ENSG00000167220.12,HDHD2
ENSG00000186767.7,SPIN4
ENSG00000134321.12,RSAD2
ENSG00000100312.11,ACR
ENSG00000137845.15,ADAM10
ENSG00000185420.19,SMYD3
ENSG00000138796.17,HADH
ENSG00000204128.6,C2orf72
ENSG00000177565.18,TBL1XR1
ENSG00000214274.10,ANG
ENSG00000015520.15,NPC1L1
ENSG00000170425.3,ADORA2B
ENSG00000091409.15,ITGA6
ENSG00000140859.16,KIFC3
ENSG00000087494.16,PTHLH
ENSG00000095321.17,CRAT
ENSG00000113083.15,LOX
ENSG00000147383.11,NSDHL
ENSG00000160183.17,TMPRSS3
ENSG00000166582.10,CENPV
ENSG00000169583.13,CLIC3
ENSG00000128564.7,VGF
ENSG00000144118.14,RALB
ENSG00000171503.12,ETFDH
ENSG00000219073.8,CELA3B
ENSG00000114346.14,ECT2
ENSG00000111832.13,RWDD1
ENSG00000109805.10,NCAPG
ENSG00000172061.9,LRRC15
ENSG00000060140.9,STYK1
ENSG00000035499.13,DEPDC1B
ENSG00000169752.17,NRG4
ENSG00000109255.11,NMU
ENSG00000168772.11,CXXC4
ENSG00000092096.18,SLC22A17
ENSG00000165475.15,CRYL1
ENSG00000114248.10,LRRC31
ENSG00000133019.12,CHRM3
ENSG00000151694.14,ADAM17
ENSG00000173890.17,GPR160
ENSG00000198478.8,SH3BGRL2
ENSG00000173597.9,SULT1B1
ENSG00000079385.23,CEACAM1
ENSG00000196968.11,FUT11
ENSG00000145365.11,TIFA
ENSG00000131746.13,TNS4
ENSG00000174151.15,CYB561D1
ENSG00000158457.6,TSPAN33
ENSG00000150093.20,ITGB1
ENSG00000089127.14,OAS1
ENSG00000122188.13,LAX1
ENSG00000054148.18,PHPT1
ENSG00000154832.15,CXXC1
ENSG00000153002.12,CPB1
ENSG00000102934.10,PLLP
ENSG00000171033.13,PKIA
ENSG00000158470.5,B4GALT5
ENSG00000102265.12,TIMP1
ENSG00000110492.15,MDK
ENSG00000136478.8,TEX2
ENSG00000105854.13,PON2
ENSG00000116833.14,NR5A2
ENSG00000156535.15,CD109
ENSG00000163558.13,PRKCI
ENSG00000180745.5,CLRN3
ENSG00000130653.16,PNPLA7
ENSG00000133703.13,KRAS
ENSG00000123374.11,CDK2
ENSG00000157103.12,SLC6A1
ENSG00000150782.12,IL18
ENSG00000104946.13,TBC1D17
ENSG00000065135.12,GNAI3
ENSG00000170006.12,TMEM154
ENSG00000136870.10,ZNF189
ENSG00000115963.13,RND3
ENSG00000088367.23,EPB41L1
ENSG00000074800.16,ENO1
ENSG00000140675.13,SLC5A2
ENSG00000152104.12,PTPN14
ENSG00000141030.13,COPS3
ENSG00000087495.17,PHACTR3
ENSG00000163412.13,EIF4E3
ENSG00000120896.13,SORBS3
ENSG00000163888.4,CAMK2N2
ENSG00000123353.10,ORMDL2
ENSG00000203780.12,FANK1
ENSG00000168350.8,DEGS2
ENSG00000157224.16,CLDN12
ENSG00000154265.16,ABCA5
ENSG00000173848.19,NET1
ENSG00000180921.7,FAM83H
ENSG00000183742.13,MACC1
ENSG00000101213.7,PTK6
ENSG00000103222.20,ABCC1
ENSG00000170323.9,FABP4
ENSG00000172367.16,PDZD3
ENSG00000003096.14,KLHL13
ENSG00000070193.5,FGF10
ENSG00000172927.8,MYEOV
ENSG00000100473.18,COCH
ENSG00000090060.18,PAPOLA
ENSG00000175497.17,DPP10
ENSG00000134627.12,PIWIL4
ENSG00000118242.16,MREG
ENSG00000109654.16,TRIM2
ENSG00000114770.17,ABCC5
ENSG00000123892.12,RAB38
ENSG00000178537.10,SLC25A20
ENSG00000066405.13,CLDN18
ENSG00000115386.6,REG1A
ENSG00000071655.18,MBD3
ENSG00000150991.15,UBC
ENSG00000167286.10,CD3D
ENSG00000152766.6,ANKRD22
ENSG00000137801.11,THBS1
ENSG00000106546.14,AHR
ENSG00000117475.14,BLZF1
ENSG00000177303.10,CASKIN2
ENSG00000172216.6,CEBPB
ENSG00000140279.13,DUOX2
ENSG00000013275.8,PSMC4
ENSG00000005882.12,PDK2
ENSG00000148082.10,SHC3
ENSG00000137273.6,FOXF2
ENSG00000204616.11,TRIM31
ENSG00000161920.11,MED11
ENSG00000163817.16,SLC6A20
ENSG00000204262.14,COL5A2
ENSG00000112079.9,STK38
ENSG00000158158.12,CNNM4
ENSG00000143079.15,CTTNBP2NL
ENSG00000175538.11,KCNE3
ENSG00000123975.5,CKS2
ENSG00000171714.12,ANO5
ENSG00000143954.13,REG3G
ENSG00000134508.12,CABLES1
ENSG00000158458.21,NRG2
ENSG00000187266.14,EPOR
ENSG00000196083.10,IL1RAP
ENSG00000122565.19,CBX3
ENSG00000213918.10,DNASE1
ENSG00000122729.19,ACO1
ENSG00000170801.10,HTRA3
ENSG00000118418.14,HMGN3
ENSG00000138472.11,GUCA1C
ENSG00000139055.7,ERP27
ENSG00000122861.16,PLAU
ENSG00000170312.16,CDK1
ENSG00000024526.17,DEPDC1
ENSG00000168748.14,CA7
ENSG00000135698.10,MPHOSPH6
ENSG00000213186.8,TRIM59
ENSG00000100985.7,MMP9
ENSG00000172116.23,CD8B
ENSG00000049769.14,PPP1R3F
ENSG00000165841.11,CYP2C19
ENSG00000121552.4,CSTA
ENSG00000182240.16,BACE2
ENSG00000173715.18,C11orf80
ENSG00000275410.5,HNF1B
ENSG00000177606.8,JUN
ENSG00000103460.17,TOX3
ENSG00000178623.12,GPR35
ENSG00000137804.14,NUSAP1
ENSG00000075239.14,ACAT1
ENSG00000116871.15,MAP7D1
ENSG00000186184.19,POLR1D
ENSG00000159128.15,IFNGR2
ENSG00000042493.16,CAPG
ENSG00000101670.12,LIPG
ENSG00000149577.16,SIDT2
ENSG00000143297.19,FCRL5
ENSG00000131389.17,SLC6A6
ENSG00000139540.12,SLC39A5
ENSG00000165661.17,QSOX2
ENSG00000059728.11,MXD1
ENSG00000169856.9,ONECUT1
ENSG00000119866.22,BCL11A
ENSG00000138772.13,ANXA3
ENSG00000168484.12,SFTPC
ENSG00000174775.17,HRAS
ENSG00000134057.15,CCNB1
ENSG00000101076.17,HNF4A
ENSG00000153976.3,HS3ST3A1
ENSG00000178035.13,IMPDH2
ENSG00000165915.14,SLC39A13
ENSG00000142677.4,IL22RA1
ENSG00000131941.8,RHPN2
ENSG00000171522.6,PTGER4
ENSG00000006652.15,IFRD1
ENSG00000148737.17,TCF7L2
ENSG00000189221.10,MAOA
ENSG00000121351.8,IAPP
ENSG00000142611.17,PRDM16
ENSG00000157601.14,MX1
ENSG00000100997.20,ABHD12
ENSG00000136448.13,NMT1
ENSG00000120756.13,PLS1
ENSG00000102804.15,TSC22D1
ENSG00000133878.9,DUSP26
ENSG00000204385.13,SLC44A4
ENSG00000099308.10,MAST3
ENSG00000185215.11,TNFAIP2
ENSG00000076356.7,PLXNA2
ENSG00000128242.13,GAL3ST1
ENSG00000198959.12,TGM2
ENSG00000144063.4,MALL
ENSG00000198851.10,CD3E
ENSG00000188338.15,SLC38A3
ENSG00000185920.16,PTCH1
ENSG00000077274.9,CAPN6
ENSG00000172071.14,EIF2AK3
ENSG00000128610.12,FEZF1
ENSG00000074590.13,NUAK1
ENSG00000076003.5,MCM6
ENSG00000141510.18,TP53
ENSG00000134827.8,TCN1
ENSG00000087053.20,MTMR2
ENSG00000135077.9,HAVCR2
ENSG00000136840.19,ST6GALNAC4
ENSG00000139734.19,DIAPH3
ENSG00000115159.16,GPD2
ENSG00000204866.8,IGFL2
ENSG00000170522.10,ELOVL6
ENSG00000168404.13,MLKL
ENSG00000165238.16,WNK2
ENSG00000154127.10,UBASH3B
ENSG00000172197.11,MBOAT1
ENSG00000100348.10,TXN2
ENSG00000244242.2,IFITM10
ENSG00000165496.5,RPL10L
ENSG00000013392.8,RWDD2A
ENSG00000100604.13,CHGA
ENSG00000060718.22,COL11A1
ENSG00000147010.18,SH3KBP1
ENSG00000187021.15,PNLIPRP1
ENSG00000149554.13,CHEK1
ENSG00000104903.5,LYL1
ENSG00000103056.12,SMPD3
ENSG00000135899.19,SP110
ENSG00000166535.20,A2ML1
ENSG00000005884.18,ITGA3
ENSG00000136231.14,IGF2BP3
ENSG00000105948.13,TTC26
ENSG00000169738.8,DCXR
ENSG00000131724.11,IL13RA1
ENSG00000176014.13,TUBB6
ENSG00000161800.13,RACGAP1
ENSG00000197822.11,OCLN
ENSG00000165512.5,ZNF22
ENSG00000139211.7,AMIGO2
ENSG00000101460.13,MAP1LC3A
ENSG00000184371.14,CSF1
ENSG00000198758.11,EPS8L3
ENSG00000160712.13,IL6R
ENSG00000008083.14,JARID2
ENSG00000104892.17,KLC3
ENSG00000168785.8,TSPAN5
ENSG00000004864.14,SLC25A13
ENSG00000171862.11,PTEN
ENSG00000166750.10,SLFN5
ENSG00000100445.17,SDR39U1
ENSG00000166068.13,SPRED1
ENSG00000164379.7,FOXQ1
ENSG00000132470.14,ITGB4
ENSG00000026508.20,CD44
ENSG00000145860.12,RNF145
ENSG00000164171.11,ITGA2
ENSG00000185947.15,ZNF267
ENSG00000162704.16,ARPC5
ENSG00000121417.14,ZNF211
ENSG00000103260.9,METRN
ENSG00000146374.14,RSPO3
ENSG00000183605.17,SFXN4
ENSG00000130558.20,OLFM1
ENSG00000171241.9,SHCBP1
ENSG00000157368.11,IL34
ENSG00000058404.20,CAMK2B
ENSG00000134193.15,REG4
ENSG00000138185.20,ENTPD1
ENSG00000141736.14,ERBB2
ENSG00000177054.14,ZDHHC13
ENSG00000146039.11,SLC17A4
ENSG00000204099.12,NEU4
ENSG00000167751.13,KLK2
ENSG00000143514.17,TP53BP2
ENSG00000165304.8,MELK
ENSG00000176853.16,FAM91A1
ENSG00000185963.14,BICD2
ENSG00000162511.8,LAPTM5
ENSG00000106018.14,VIPR2
ENSG00000070669.17,ASNS
ENSG00000275832.5,ARHGAP23
ENSG00000135447.17,PPP1R1A
ENSG00000203697.12,CAPN8
ENSG00000134020.8,PEBP4
ENSG00000170542.6,SERPINB9
ENSG00000149948.14,HMGA2
ENSG00000169855.20,ROBO1
ENSG00000184232.9,OAF
ENSG00000004961.15,HCCS
ENSG00000057149.16,SERPINB3
ENSG00000145284.12,SCD5
ENSG00000169347.17,GP2
ENSG00000138190.17,EXOC6
ENSG00000174442.12,ZWILCH
ENSG00000150753.12,CCT5
ENSG00000100558.9,PLEK2
ENSG00000163431.13,LMOD1
ENSG00000069764.10,PLA2G10
ENSG00000141258.13,SGSM2
ENSG00000162745.10,OLFML2B
ENSG00000185885.16,IFITM1
ENSG00000123219.13,CENPK
ENSG00000131378.14,RFTN1
ENSG00000140575.13,IQGAP1
ENSG00000169469.9,SPRR1B
ENSG00000107829.15,FBXW4
ENSG00000158315.11,RHBDL2
ENSG00000010310.9,GIPR
ENSG00000102854.16,MSLN
ENSG00000101098.13,RIMS4
ENSG00000170558.10,CDH2
ENSG00000197965.12,MPZL1
ENSG00000132356.11,PRKAA1
ENSG00000129173.13,E2F8
ENSG00000087460.27,GNAS
ENSG00000143333.7,RGS16
ENSG00000187699.10,C2orf88
ENSG00000115884.11,SDC1
ENSG00000108582.12,CPD
ENSG00000104881.16,PPP1R13L
ENSG00000145386.11,CCNA2
ENSG00000128266.9,GNAZ
ENSG00000165644.11,COMTD1
ENSG00000166387.13,PPFIBP2
ENSG00000123191.16,ATP7B
ENSG00000147459.18,DOCK5
ENSG00000206073.11,SERPINB4
ENSG00000106624.11,AEBP1
ENSG00000173320.12,STOX2
ENSG00000112715.25,VEGFA
ENSG00000163599.17,CTLA4
ENSG00000100504.17,PYGL
ENSG00000184979.10,USP18
ENSG00000167088.11,SNRPD1
ENSG00000164124.11,TMEM144
ENSG00000086848.15,ALG9
ENSG00000116406.19,EDEM3
ENSG00000064651.14,SLC12A2
ENSG00000149260.18,CAPN5
ENSG00000188761.13,BCL2L15
ENSG00000169282.18,KCNAB1
ENSG00000242173.10,ARHGDIG
ENSG00000164574.16,GALNT10
ENSG00000170855.4,TRIAP1
ENSG00000131067.17,GGT7
ENSG00000101333.17,PLCB4
ENSG00000151491.14,EPS8
ENSG00000108405.4,P2RX1
ENSG00000156110.15,ADK
ENSG00000176894.10,PXMP2
ENSG00000119408.17,NEK6
ENSG00000189334.9,S100A14
ENSG00000102699.6,PARP4
ENSG00000120334.15,CENPL
ENSG00000125753.14,VASP
ENSG00000135114.12,OASL
ENSG00000136068.15,FLNB
ENSG00000013375.16,PGM3
ENSG00000280165.1,PCDH20
ENSG00000048462.11,TNFRSF17
ENSG00000187240.16,DYNC2H1
ENSG00000100503.26,NIN
ENSG00000167074.15,TEF
ENSG00000170293.9,CMTM8
ENSG00000148346.12,LCN2
ENSG00000012779.11,ALOX5
ENSG00000133315.12,MACROD1
ENSG00000137699.17,TRIM29
ENSG00000180884.10,ZNF792
ENSG00000148218.16,ALAD
ENSG00000121900.19,TMEM54
ENSG00000172057.10,ORMDL3
ENSG00000180879.14,SSR4
ENSG00000112699.11,GMDS
ENSG00000052795.13,FNIP2
ENSG00000167815.12,PRDX2
ENSG00000170835.16,CEL
ENSG00000110777.12,POU2AF1
ENSG00000105664.11,COMP
ENSG00000197329.12,PELI1
ENSG00000103018.17,CYB5B
ENSG00000095002.15,MSH2
ENSG00000211448.13,DIO2
ENSG00000153902.14,LGI4
ENSG00000072778.20,ACADVL
ENSG00000101311.16,FERMT1
ENSG00000107104.20,KANK1
ENSG00000086548.9,CEACAM6
ENSG00000154274.15,C4orf19
ENSG00000137710.17,RDX
ENSG00000153563.16,CD8A
ENSG00000068137.15,PLEKHH3
ENSG00000185567.7,AHNAK2
ENSG00000077152.11,UBE2T
ENSG00000138771.16,SHROOM3
ENSG00000115361.8,ACADL
ENSG00000161638.11,ITGA5
ENSG00000175054.16,ATR
ENSG00000174156.15,GSTA3
ENSG00000182718.18,ANXA2
ENSG00000041357.16,PSMA4
ENSG00000100448.4,CTSG
ENSG00000128203.7,ASPHD2
ENSG00000123610.5,TNFAIP6
ENSG00000146425.11,DYNLT1
ENSG00000077721.16,UBE2A
ENSG00000169299.14,PGM2
ENSG00000196581.11,AJAP1
ENSG00000196260.5,SFTA2
ENSG00000137936.18,BCAR3
ENSG00000262406.3,MMP12
ENSG00000142669.15,SH3BGRL3
ENSG00000125798.15,FOXA2
ENSG00000132677.13,RHBG
ENSG00000000460.17,C1orf112
ENSG00000162909.18,CAPN2
ENSG00000196547.15,MAN2A2
ENSG00000141756.19,FKBP10
ENSG00000108511.10,HOXB6
ENSG00000078967.13,UBE2D4
ENSG00000138119.17,MYOF
ENSG00000134882.16,UBAC2
ENSG00000076826.10,CAMSAP3
ENSG00000101003.10,GINS1
ENSG00000102172.16,SMS
ENSG00000183765.23,CHEK2
ENSG00000070190.13,DAPP1
ENSG00000103942.13,HOMER2
ENSG00000167874.7,TMEM88
ENSG00000155961.5,RAB39B
ENSG00000105643.10,ARRDC2
ENSG00000054277.14,OPN3
ENSG00000149218.5,ENDOD1
ENSG00000111335.13,OAS2
ENSG00000134463.15,ECHDC3
ENSG00000137809.17,ITGA11
ENSG00000124602.10,UNC5CL
ENSG00000134058.12,CDK7
ENSG00000166851.15,PLK1
ENSG00000117586.11,TNFSF4
ENSG00000204610.13,TRIM15
ENSG00000164694.17,FNDC1
ENSG00000039068.19,CDH1
ENSG00000176533.13,GNG7
ENSG00000065361.16,ERBB3
ENSG00000115414.21,FN1
ENSG00000159363.19,ATP13A2
ENSG00000002834.18,LASP1
ENSG00000090989.18,EXOC1
ENSG00000171105.14,INSR
ENSG00000077147.16,TM9SF3
ENSG00000169035.12,KLK7
ENSG00000179104.9,TMTC2
ENSG00000088986.11,DYNLL1
ENSG00000176454.14,LPCAT4
ENSG00000117122.14,MFAP2
ENSG00000165092.13,ALDH1A1
ENSG00000198208.12,RPS6KL1
ENSG00000150054.18,MPP7
ENSG00000162882.15,HAAO
ENSG00000104368.19,PLAT
ENSG00000131747.15,TOP2A
ENSG00000158014.15,SLC30A2
ENSG00000126010.6,GRPR
ENSG00000179431.7,FJX1
ENSG00000168309.18,FAM107A
ENSG00000184012.13,TMPRSS2
ENSG00000124429.18,POF1B
ENSG00000078098.14,FAP
ENSG00000154639.19,CXADR
ENSG00000089472.16,HEPH
ENSG00000111907.21,TPD52L1
ENSG00000121621.7,KIF18A
ENSG00000165795.23,NDRG2
ENSG00000187908.20,DMBT1
ENSG00000072210.19,ALDH3A2
ENSG00000159307.19,SCUBE1
ENSG00000080986.13,NDC80
ENSG00000065717.15,TLE2
ENSG00000099875.15,MKNK2
ENSG00000123453.18,SARDH
ENSG00000104856.14,RELB
ENSG00000166313.19,APBB1
ENSG00000004799.8,PDK4
ENSG00000174358.16,SLC6A19
ENSG00000187193.9,MT1X
ENSG00000149654.11,CDH22
ENSG00000068615.19,REEP1
ENSG00000113594.10,LIFR
ENSG00000151746.15,BICD1
ENSG00000162814.11,SPATA17
ENSG00000164932.13,CTHRC1
ENSG00000114455.13,HHLA2
ENSG00000170608.3,FOXA3
ENSG00000099834.19,CDHR5
ENSG00000169100.14,SLC25A6
ENSG00000118985.16,ELL2
ENSG00000167972.14,ABCA3
ENSG00000147168.13,IL2RG
ENSG00000165078.13,CPA6
ENSG00000120708.17,TGFBI
ENSG00000105655.19,ISYNA1
ENSG00000185591.10,SP1
ENSG00000151116.17,UEVLD
ENSG00000168374.11,ARF4
ENSG00000106031.9,HOXA13
ENSG00000133805.15,AMPD3
ENSG00000181234.9,TMEM132C
ENSG00000165516.11,KLHDC2
ENSG00000185156.6,MFSD6L
ENSG00000115009.13,CCL20
ENSG00000102024.18,PLS3
ENSG00000166825.15,ANPEP
ENSG00000109321.11,AREG
ENSG00000146674.15,IGFBP3
ENSG00000133065.11,SLC41A1
ENSG00000070214.16,SLC44A1
ENSG00000154930.15,ACSS1
ENSG00000085276.19,MECOM
ENSG00000011422.12,PLAUR
ENSG00000107984.10,DKK1
ENSG00000175785.13,PRIMA1
ENSG00000204176.14,SYT15
ENSG00000138798.13,EGF
ENSG00000125818.18,PSMF1
ENSG00000176890.16,TYMS
ENSG00000169876.14,MUC17
ENSG00000100422.14,CERK
ENSG00000102359.8,SRPX2
ENSG00000121310.17,ECHDC2
ENSG00000080493.18,SLC4A4
ENSG00000126749.16,EMG1
ENSG00000123609.11,NMI
ENSG00000141446.11,ESCO1
ENSG00000121281.13,ADCY7
ENSG00000136155.17,SCEL
ENSG00000014216.16,CAPN1
ENSG00000080709.16,KCNN2
ENSG00000137501.17,SYTL2
ENSG00000076555.15,ACACB
ENSG00000134285.11,FKBP11
ENSG00000160194.18,NDUFV3
ENSG00000116183.11,PAPPA2
ENSG00000233041.8,PHGR1
ENSG00000136720.7,HS6ST1
ENSG00000186918.14,ZNF395
ENSG00000225614.4,ZNF469
ENSG00000170310.15,STX8
ENSG00000151552.12,QDPR
ENSG00000173083.15,HPSE
ENSG00000175970.11,UNC119B
ENSG00000076554.15,TPD52
ENSG00000163840.10,DTX3L
ENSG00000175564.13,UCP3
ENSG00000204613.11,TRIM10
ENSG00000152270.9,PDE3B
ENSG00000150712.11,MTMR12
ENSG00000145247.12,OCIAD2
ENSG00000154734.16,ADAMTS1
ENSG00000160179.19,ABCG1
ENSG00000116106.12,EPHA4
ENSG00000169116.11,PARM1
ENSG00000157764.14,BRAF
ENSG00000178222.13,RNF212
ENSG00000114166.8,KAT2B
ENSG00000162437.14,RAVER2
ENSG00000101940.18,WDR13
ENSG00000197056.11,ZMYM1
ENSG00000124731.13,TREM1
ENSG00000112242.15,E2F3
ENSG00000164466.13,SFXN1
ENSG00000025423.11,HSD17B6
ENSG00000185630.19,PBX1
ENSG00000135070.15,ISCA1
ENSG00000107159.13,CA9
ENSG00000103365.15,GGA2
ENSG00000132031.13,MATN3
ENSG00000173852.15,DPY19L1
ENSG00000143498.18,TAF1A
ENSG00000130270.16,ATP8B3
ENSG00000145244.12,CORIN
ENSG00000151651.16,ADAM8
ENSG00000171843.17,MLLT3
ENSG00000178974.10,FBXO34
ENSG00000196376.11,SLC35F1
ENSG00000198796.7,ALPK2
ENSG00000071991.9,CDH19
ENSG00000120457.12,KCNJ5
ENSG00000168394.11,TAP1
ENSG00000143387.14,CTSK
ENSG00000139117.14,CPNE8
ENSG00000141316.13,SPACA3
ENSG00000141642.9,ELAC1
ENSG00000162755.14,KLHDC9
ENSG00000139515.6,PDX1
ENSG00000173821.19,RNF213
ENSG00000169851.15,PCDH7
ENSG00000165474.8,GJB2
ENSG00000104147.9,OIP5
ENSG00000140326.13,CDAN1
ENSG00000132437.18,DDC
ENSG00000160870.15,CYP3A7
ENSG00000108242.13,CYP2C18
ENSG00000072864.16,NDE1
ENSG00000154556.18,SORBS2
ENSG00000166920.13,C15orf48
ENSG00000166224.17,SGPL1
ENSG00000013523.11,ANGEL1
ENSG00000196754.13,S100A2
ENSG00000118515.11,SGK1
ENSG00000112984.12,KIF20A
ENSG00000163993.7,S100P
ENSG00000094755.17,GABRP
ENSG00000105675.9,ATP4A
ENSG00000153029.14,MR1
ENSG00000129055.13,ANAPC13
ENSG00000204634.13,TBC1D8
ENSG00000113161.16,HMGCR
ENSG00000124201.15,ZNFX1
ENSG00000142627.13,EPHA2
ENSG00000145014.18,TMEM44
ENSG00000184508.12,HDDC3
ENSG00000131069.20,ACSS2
ENSG00000168395.16,ING5
ENSG00000186847.6,KRT14
ENSG00000004468.13,CD38
ENSG00000102996.5,MMP15
ENSG00000113328.19,CCNG1
ENSG00000116117.18,PARD3B
ENSG00000196154.12,S100A4
ENSG00000148935.11,GAS2
ENSG00000141458.13,NPC1
ENSG00000164176.13,EDIL3
ENSG00000050344.9,NFE2L3
ENSG00000077585.14,GPR137B
ENSG00000130226.17,DPP6
ENSG00000088448.14,ANKRD10
ENSG00000095383.20,TBC1D2
ENSG00000149591.17,TAGLN
ENSG00000100116.17,GCAT
ENSG00000135506.16,OS9
ENSG00000103034.14,NDRG4
ENSG00000035928.16,RFC1
ENSG00000138778.13,CENPE
ENSG00000196233.14,LCOR
ENSG00000084636.18,COL16A1
ENSG00000164484.12,TMEM200A
ENSG00000137673.9,MMP7
ENSG00000130159.14,ECSIT
ENSG00000104450.13,SPAG1
ENSG00000138386.17,NAB1
ENSG00000188910.8,GJB3
ENSG00000198910.14,L1CAM
ENSG00000168461.13,RAB31
ENSG00000175315.3,CST6
ENSG00000148730.7,EIF4EBP2
ENSG00000105865.11,DUS4L
ENSG00000178401.16,DNAJC22
ENSG00000180834.8,MAP6D1
ENSG00000139926.16,FRMD6
ENSG00000127616.19,SMARCA4
ENSG00000137392.10,CLPS
ENSG00000106868.17,SUSD1
ENSG00000070718.12,AP3M2
ENSG00000176046.9,NUPR1
ENSG00000162885.14,B3GALNT2
ENSG00000110436.13,SLC1A2
ENSG00000173917.10,HOXB2
ENSG00000160255.18,ITGB2
ENSG00000083857.14,FAT1
ENSG00000123131.13,PRDX4
ENSG00000118160.14,SLC8A2
ENSG00000131779.11,PEX11B
ENSG00000188001.10,TPRG1
ENSG00000143228.13,NUF2
ENSG00000135046.14,ANXA1
ENSG00000188060.7,RAB42
ENSG00000147676.14,MAL2
ENSG00000130222.11,GADD45G
ENSG00000171302.17,CANT1
ENSG00000129116.19,PALLD
ENSG00000127824.14,TUBA4A
ENSG00000096088.16,PGC
ENSG00000278845.5,MRPL45
ENSG00000005249.13,PRKAR2B
ENSG00000079277.22,MKNK1
ENSG00000006704.11,GTF2IRD1
ENSG00000097046.13,CDC7
ENSG00000158156.9,XKR8
ENSG00000120057.5,SFRP5
ENSG00000175662.18,TOM1L2
ENSG00000108691.9,CCL2
ENSG00000130595.19,TNNT3
ENSG00000111206.13,FOXM1
ENSG00000257218.6,GATC
ENSG00000179862.7,CITED4
ENSG00000059377.18,TBXAS1
ENSG00000196562.14,SULF2
ENSG00000145113.22,MUC4
ENSG00000148773.14,MKI67
ENSG00000167664.8,TMIGD2
ENSG00000139832.5,RAB20
ENSG00000104626.15,ERI1
ENSG00000140299.13,BNIP2
ENSG00000138363.15,ATIC
ENSG00000139329.5,LUM
ENSG00000134443.10,GRP
ENSG00000117713.20,ARID1A
ENSG00000204228.4,HSD17B8
ENSG00000168925.12,CTRB1
ENSG00000157214.14,STEAP2
ENSG00000130402.13,ACTN4
ENSG00000089685.15,BIRC5
ENSG00000198624.13,CCDC69
ENSG00000143416.21,SELENBP1
ENSG00000147576.17,ADHFE1
ENSG00000100815.12,TRIP11
ENSG00000120659.15,TNFSF11
ENSG00000182481.10,KPNA2
ENSG00000228716.7,DHFR
ENSG00000129226.14,CD68
ENSG00000157637.13,SLC38A10
ENSG00000083093.10,PALB2
ENSG00000065457.10,ADAT1
ENSG00000019485.13,PRDM11
ENSG00000059573.9,ALDH18A1
ENSG00000163131.11,CTSS
ENSG00000152642.11,GPD1L
ENSG00000111424.12,VDR
ENSG00000147044.22,CASK
ENSG00000101842.14,VSIG1
ENSG00000168542.16,COL3A1
ENSG00000091164.13,TXNL1
ENSG00000115919.15,KYNU
ENSG00000128294.16,TPST2
ENSG00000260027.5,HOXB7
ENSG00000186868.16,MAPT
ENSG00000155657.28,TTN
ENSG00000177301.16,KCNA2
ENSG00000176406.23,RIMS2
ENSG00000005206.17,SPPL2B
ENSG00000182492.16,BGN
ENSG00000080573.7,COL5A3
ENSG00000117691.10,NENF
ENSG00000188993.3,LRRC66
ENSG00000198734.12,F5
ENSG00000044115.21,CTNNA1
ENSG00000163395.17,IGFN1
ENSG00000136603.14,SKIL
ENSG00000140391.15,TSPAN3
ENSG00000141338.14,ABCA8
ENSG00000134398.15,ERN2
ENSG00000127314.18,RAP1B
ENSG00000118473.22,SGIP1
ENSG00000100170.10,SLC5A1
ENSG00000140386.13,SCAPER
ENSG00000137440.5,FGFBP1
ENSG00000169756.16,LIMS1
ENSG00000006468.14,ETV1
ENSG00000151365.2,THRSP
ENSG00000181191.12,PJA1
ENSG00000185479.6,KRT6B
ENSG00000198719.9,DLL1
ENSG00000112378.12,PERP
ENSG00000013364.19,MVP
ENSG00000065325.13,GLP2R
ENSG00000196352.16,CD55
ENSG00000177494.6,ZBED2
ENSG00000125733.18,TRIP10
ENSG00000176171.11,BNIP3
ENSG00000128683.14,GAD1
ENSG00000170417.16,TMEM182
ENSG00000128340.15,RAC2
ENSG00000213928.9,IRF9
ENSG00000133027.18,PEMT
ENSG00000073282.14,TP63
ENSG00000023445.16,BIRC3
ENSG00000178234.13,GALNT11
ENSG00000132464.13,ENAM
ENSG00000121742.19,GJB6
ENSG00000055732.13,MCOLN3
ENSG00000104689.10,TNFRSF10A
ENSG00000070182.21,SPTB
ENSG00000006125.18,AP2B1
ENSG00000213339.9,QTRT1
ENSG00000167183.3,PRR15L
ENSG00000185432.12,METTL7A
ENSG00000125148.7,MT2A
ENSG00000158715.6,SLC45A3
ENSG00000180535.4,BHLHA15
ENSG00000026025.16,VIM
ENSG00000110880.11,CORO1C
ENSG00000137133.11,HINT2
ENSG00000186153.17,WWOX
ENSG00000151353.15,TMEM18
ENSG00000076344.16,RGS11
ENSG00000169994.18,MYO7B
ENSG00000147050.16,KDM6A
ENSG00000109906.14,ZBTB16
ENSG00000165495.16,PKNOX2
ENSG00000167476.10,JSRP1
ENSG00000156298.13,TSPAN7
ENSG00000163017.14,ACTG2
ENSG00000128510.12,CPA4
ENSG00000135823.14,STX6
ENSG00000030582.18,GRN
ENSG00000175470.20,PPP2R2D
ENSG00000169562.13,GJB1
ENSG00000121879.6,PIK3CA
ENSG00000146755.11,TRIM50
ENSG00000095585.17,BLNK
ENSG00000110148.10,CCKBR
ENSG00000100079.7,LGALS2
ENSG00000214022.11,REPIN1
ENSG00000163453.11,IGFBP7
ENSG00000111716.14,LDHB
ENSG00000101230.6,ISM1
ENSG00000144810.16,COL8A1
ENSG00000163864.17,NMNAT3
ENSG00000140525.19,FANCI
ENSG00000167740.10,CYB5D2
ENSG00000147614.4,ATP6V0D2
ENSG00000127947.16,PTPN12
ENSG00000122025.15,FLT3
ENSG00000160752.15,FDPS
ENSG00000166889.14,PATL1
ENSG00000091490.11,SEL1L3
ENSG00000169429.11,CXCL8
ENSG00000196923.14,PDLIM7
ENSG00000167397.15,VKORC1
ENSG00000084234.18,APLP2
ENSG00000240038.6,AMY2B
ENSG00000166394.15,CYB5R2
ENSG00000143476.18,DTL
ENSG00000122711.9,SPINK4
ENSG00000253368.4,TRNP1
ENSG00000175390.15,EIF3F
ENSG00000205221.12,VIT
ENSG00000101447.15,FAM83D
ENSG00000128573.26,FOXP2
ENSG00000176170.14,SPHK1
ENSG00000143977.14,SNRPG
ENSG00000275385.2,CCL18
ENSG00000164733.22,CTSB
ENSG00000132530.17,XAF1
ENSG00000141504.12,SAT2
ENSG00000134107.5,BHLHE40
ENSG00000165943.5,MOAP1
ENSG00000173801.17,JUP
ENSG00000186340.16,THBS2
ENSG00000124507.11,PACSIN1
ENSG00000163029.16,SMC6
ENSG00000258713.3,C20orf141
ENSG00000119888.11,EPCAM
ENSG00000081923.15,ATP8B1
ENSG00000171517.6,LPAR3
ENSG00000108671.11,PSMD11
ENSG00000150627.16,WDR17
ENSG00000213853.10,EMP2
ENSG00000188158.16,NHS
ENSG00000198670.12,LPA
ENSG00000091583.11,APOH
ENSG00000254709.8,IGLL5
ENSG00000169884.14,WNT10B
ENSG00000078549.15,ADCYAP1R1
ENSG00000177169.10,ULK1
ENSG00000168679.18,SLC16A4
ENSG00000162493.16,PDPN
ENSG00000144136.11,SLC20A1
ENSG00000102900.13,NUP93
ENSG00000156218.13,ADAMTSL3
ENSG00000181143.15,MUC16
ENSG00000105426.17,PTPRS
ENSG00000163207.7,IVL
ENSG00000163898.10,LIPH
ENSG00000074047.22,GLI2
ENSG00000135931.18,ARMC9
ENSG00000139874.6,SSTR1
ENSG00000116194.13,ANGPTL1
ENSG00000158411.11,MITD1
ENSG00000158806.14,NPM2
ENSG00000162065.14,TBC1D24
ENSG00000169715.15,MT1E
ENSG00000100344.11,PNPLA3
ENSG00000121797.10,CCRL2
ENSG00000157077.15,ZFYVE9
ENSG00000171766.17,GATM
ENSG00000138134.12,STAMBPL1
ENSG00000050165.18,DKK3
ENSG00000135409.11,AMHR2
ENSG00000168306.13,ACOX2
ENSG00000124205.18,EDN3
ENSG00000167964.13,RAB26
ENSG00000134371.14,CDC73
ENSG00000163536.13,SERPINI1
ENSG00000170873.19,MTSS1
ENSG00000185745.10,IFIT1
ENSG00000157227.13,MMP14
ENSG00000164182.12,NDUFAF2
ENSG00000151224.13,MAT1A
ENSG00000185615.16,PDIA2
ENSG00000134962.7,KLB
ENSG00000181408.4,UTS2R
ENSG00000164106.8,SCRG1
ENSG00000039560.14,RAI14
ENSG00000164442.10,CITED2
ENSG00000101400.6,SNTA1
ENSG00000062038.14,CDH3
ENSG00000162241.12,SLC25A45
ENSG00000099866.15,MADCAM1
ENSG00000165995.22,CACNB2
ENSG00000173391.9,OLR1
ENSG00000181754.7,AMIGO1
ENSG00000154447.15,SH3RF1
ENSG00000198794.12,SCAMP5
ENSG00000100290.3,BIK
ENSG00000076351.13,SLC46A1
ENSG00000010318.21,PHF7
ENSG00000185352.8,HS6ST3
ENSG00000128342.5,LIF
ENSG00000149925.22,ALDOA
ENSG00000137203.15,TFAP2A
ENSG00000186350.12,RXRA
ENSG00000172023.8,REG1B
ENSG00000184381.20,PLA2G6
ENSG00000019549.13,SNAI2
ENSG00000015413.9,DPEP1
ENSG00000128272.15,ATF4
ENSG00000166451.13,CENPN
ENSG00000164938.14,TP53INP1
ENSG00000163435.16,ELF3
ENSG00000091704.10,CPA1
ENSG00000144452.15,ABCA12
ENSG00000137265.15,IRF4
ENSG00000158825.6,CDA
ENSG00000186642.16,PDE2A
ENSG00000175874.10,CREG2
ENSG00000197111.16,PCBP2
ENSG00000124107.5,SLPI
ENSG00000117834.13,SLC5A9
ENSG00000163072.16,NOSTRIN
ENSG00000014914.21,MTMR11
ENSG00000143797.12,MBOAT2
ENSG00000140526.18,ABHD2
ENSG00000042980.13,ADAM28
ENSG00000165891.16,E2F7
ENSG00000172059.11,KLF11
ENSG00000035403.18,VCL
ENSG00000163618.18,CADPS
ENSG00000104783.14,KCNN4
ENSG00000087502.18,ERGIC2
ENSG00000163884.4,KLF15
ENSG00000115233.12,PSMD14
ENSG00000168143.9,FAM83B
ENSG00000164692.18,COL1A2
ENSG00000163755.9,HPS3
ENSG00000071054.16,MAP4K4
ENSG00000167685.15,ZNF444
ENSG00000117650.13,NEK2
ENSG00000144354.14,CDCA7
ENSG00000178607.16,ERN1
ENSG00000170915.9,PAQR8
ENSG00000105662.16,CRTC1
ENSG00000170540.15,ARL6IP1
ENSG00000183960.9,KCNH8
ENSG00000155465.20,SLC7A7
ENSG00000118596.12,SLC16A7
ENSG00000121966.7,CXCR4
ENSG00000124701.5,APOBEC2
ENSG00000167705.12,RILP
ENSG00000075391.17,RASAL2
ENSG00000104371.5,DKK4
ENSG00000136059.14,VILL
ENSG00000078070.13,MCCC1
ENSG00000152661.9,GJA1
ENSG00000177156.11,TALDO1
ENSG00000169896.18,ITGAM
ENSG00000175806.15,MSRA
ENSG00000169047.5,IRS1
ENSG00000138160.7,KIF11
ENSG00000167614.14,TTYH1
ENSG00000139318.8,DUSP6
ENSG00000081026.19,MAGI3
ENSG00000243480.7,AMY2A
ENSG00000136014.12,USP44
ENSG00000149735.7,GPHA2
ENSG00000130294.17,KIF1A
ENSG00000137700.18,SLC37A4
ENSG00000131981.16,LGALS3
ENSG00000159388.6,BTG2
ENSG00000121653.11,MAPK8IP1
ENSG00000168491.10,CCDC110
ENSG00000063127.16,SLC6A16
ENSG00000107281.10,NPDC1
ENSG00000162616.9,DNAJB4
ENSG00000111247.15,RAD51AP1
ENSG00000111799.21,COL12A1
ENSG00000125888.15,BANF2
ENSG00000181381.14,DDX60L
ENSG00000136950.13,ARPC5L
ENSG00000167653.5,PSCA
ENSG00000114209.15,PDCD10
ENSG00000108679.13,LGALS3BP
ENSG00000169372.13,CRADD
ENSG00000114805.18,PLCH1
ENSG00000162104.10,ADCY9
ENSG00000205531.13,NAP1L4
ENSG00000100644.17,HIF1A
ENSG00000066279.18,ASPM
ENSG00000134324.12,LPIN1
ENSG00000170502.13,NUDT9
ENSG00000049759.19,NEDD4L
ENSG00000164930.12,FZD6
ENSG00000139546.11,TARBP2
ENSG00000107485.18,GATA3
ENSG00000177409.12,SAMD9L
ENSG00000090565.17,RAB11FIP3
ENSG00000127324.9,TSPAN8
ENSG00000139618.16,BRCA2
ENSG00000075275.18,CELSR1
ENSG00000100219.16,XBP1
ENSG00000197747.9,S100A10
ENSG00000130307.12,USHBP1
ENSG00000104967.8,NOVA2
ENSG00000136802.12,LRRC8A
ENSG00000167748.11,KLK1
ENSG00000124493.14,GRM4
ENSG00000133816.17,MICAL2
ENSG00000170921.15,TANC2
ENSG00000090889.12,KIF4A
ENSG00000128965.13,CHAC1
ENSG00000174799.11,CEP135
ENSG00000155366.17,RHOC
ENSG00000066230.12,SLC9A3
ENSG00000085733.16,CTTN
ENSG00000183255.12,PTTG1IP
ENSG00000006638.13,TBXA2R
ENSG00000048540.15,LMO3
ENSG00000081803.16,CADPS2
ENSG00000115652.15,UXS1
ENSG00000170465.10,KRT6C
ENSG00000170890.14,PLA2G1B
ENSG00000092969.12,TGFB2
ENSG00000106688.12,SLC1A1
ENSG00000144043.12,TEX261
ENSG00000169604.20,ANTXR1
ENSG00000175550.8,DRAP1
ENSG00000166938.13,DIS3L
ENSG00000196371.3,FUT4
ENSG00000167460.17,TPM4
ENSG00000107201.10,DDX58
ENSG00000137054.16,POLR1E
ENSG00000125144.14,MT1G
ENSG00000136828.19,RALGPS1
ENSG00000009950.16,MLXIPL
ENSG00000111700.13,SLCO1B3
ENSG00000178828.7,RNF186
ENSG00000139737.22,SLAIN1
ENSG00000160190.14,SLC37A1
ENSG00000196950.14,SLC39A10
ENSG00000163209.15,SPRR3
ENSG00000137628.17,DDX60
ENSG00000086717.18,PPEF1
ENSG00000071539.14,TRIP13
ENSG00000006611.17,USH1C
ENSG00000188042.8,ARL4C
ENSG00000108179.14,PPIF
ENSG00000087586.18,AURKA
ENSG00000102796.11,DHRS12
ENSG00000185519.9,FAM131C
ENSG00000243955.6,GSTA1
ENSG00000179348.12,GATA2
ENSG00000087088.20,BAX
ENSG00000117643.14,MAN1C1
ENSG00000149150.9,SLC43A1
ENSG00000100281.14,HMGXB4
ENSG00000129422.14,MTUS1
ENSG00000124102.5,PI3
ENSG00000102743.15,SLC25A15
ENSG00000165879.9,FRAT1
ENSG00000156804.7,FBXO32
ENSG00000104738.18,MCM4
ENSG00000148584.15,A1CF
ENSG00000078140.14,UBE2K
ENSG00000176945.17,MUC20
ENSG00000139154.16,AEBP2
ENSG00000101844.18,ATG4A
ENSG00000205213.14,LGR4
ENSG00000172201.12,ID4
ENSG00000205364.4,MT1M
ENSG00000163812.15,ZDHHC3
ENSG00000148468.17,FAM171A1
ENSG00000017427.17,IGF1
ENSG00000106511.6,MEOX2
ENSG00000164684.13,ZNF704
ENSG00000092621.13,PHGDH
ENSG00000239264.9,TXNDC5
ENSG00000174788.10,PCP2
ENSG00000102243.13,VGLL1
ENSG00000109861.17,CTSC
ENSG00000171940.13,ZNF217
ENSG00000163694.15,RBM47
ENSG00000170786.12,SDR16C5
ENSG00000162438.12,CTRC
ENSG00000105974.13,CAV1
ENSG00000107731.12,UNC5B
ENSG00000143816.8,WNT9A
ENSG00000105707.14,HPN
ENSG00000242259.9,C22orf39
ENSG00000182957.16,SPATA13
ENSG00000118322.14,ATP10B
ENSG00000174672.16,BRSK2
ENSG00000163501.7,IHH
ENSG00000144031.12,ANKRD53
ENSG00000126787.13,DLGAP5
ENSG00000180776.16,ZDHHC20
ENSG00000180011.7,ZADH2
ENSG00000182253.15,SYNM
ENSG00000107796.13,ACTA2
ENSG00000189180.16,ZNF33A
ENSG00000164344.16,KLKB1
ENSG00000134769.21,DTNA
ENSG00000145194.19,ECE2
ENSG00000072401.15,UBE2D1
ENSG00000167207.14,NOD2
ENSG00000106052.13,TAX1BP1
ENSG00000163635.20,ATXN7
ENSG00000070526.15,ST6GALNAC1
ENSG00000102981.10,PARD6A
ENSG00000113810.16,SMC4
ENSG00000126351.13,THRA
ENSG00000180370.10,PAK2
ENSG00000166710.21,B2M
ENSG00000147394.18,ZNF185
ENSG00000168032.10,ENTPD3
ENSG00000172939.9,OXSR1
ENSG00000111305.19,GSG1
ENSG00000206075.14,SERPINB5
ENSG00000172493.22,AFF1
ENSG00000005020.13,SKAP2
ENSG00000236699.9,ARHGEF38
ENSG00000103534.17,TMC5
ENSG00000138079.14,SLC3A1
ENSG00000145819.18,ARHGAP26
ENSG00000149177.13,PTPRJ
ENSG00000146278.11,PNRC1
ENSG00000012048.23,BRCA1
ENSG00000147689.16,FAM83A
ENSG00000104432.14,IL7
ENSG00000140853.16,NLRC5
ENSG00000173531.15,MST1
ENSG00000171303.7,KCNK3
ENSG00000101825.8,MXRA5
ENSG00000196368.5,NUDT11
ENSG00000130517.14,PGPEP1
ENSG00000184995.7,IFNE
ENSG00000100258.18,LMF2
ENSG00000162813.18,BPNT1
ENSG00000066739.12,ATG2B
ENSG00000100304.13,TTLL12
ENSG00000063015.20,SEZ6
ENSG00000101557.15,USP14
ENSG00000124215.17,CDH26
ENSG00000130830.15,MPP1
ENSG00000146072.6,TNFRSF21
ENSG00000153317.15,ASAP1
ENSG00000113140.11,SPARC
ENSG00000243364.8,EFNA4
ENSG00000169862.19,CTNND2
ENSG00000134668.12,SPOCD1
ENSG00000182621.18,PLCB1
ENSG00000139193.4,CD27
ENSG00000117450.15,PRDX1
ENSG00000179588.9,ZFPM1
ENSG00000165949.12,IFI27
ENSG00000115596.4,WNT6
ENSG00000103375.11,AQP8
ENSG00000137807.16,KIF23
ENSG00000160588.10,MPZL3
ENSG00000125841.13,NRSN2
ENSG00000153904.21,DDAH1
ENSG00000180628.15,PCGF5
ENSG00000258227.7,CLEC5A
ENSG00000125246.15,CLYBL
ENSG00000011426.11,ANLN
ENSG00000176978.14,DPP7
ENSG00000160932.11,LY6E
ENSG00000128590.5,DNAJB9
ENSG00000121957.15,GPSM2
ENSG00000198816.7,ZNF358
ENSG00000124406.16,ATP8A1
ENSG00000152377.14,SPOCK1
ENSG00000088726.16,TMEM40
ENSG00000117724.13,CENPF
ENSG00000135093.13,USP30
ENSG00000076864.19,RAP1GAP
ENSG00000131620.17,ANO1
ENSG00000158467.16,AHCYL2
ENSG00000124786.12,SLC35B3
ENSG00000146955.11,RAB19
ENSG00000173207.13,CKS1B
ENSG00000167553.16,TUBA1C
ENSG00000114956.20,DGUOK
ENSG00000162482.5,AKR7A3
ENSG00000162645.13,GBP2
ENSG00000077782.21,FGFR1
ENSG00000115514.12,TXNDC9
ENSG00000070882.13,OSBPL3
ENSG00000182919.15,C11orf54
ENSG00000133134.12,BEX2
ENSG00000143401.15,ANP32E
ENSG00000142156.15,COL6A1
ENSG00000170899.11,GSTA4
ENSG00000121578.13,B4GALT4
ENSG00000099622.14,CIRBP
ENSG00000081985.13,IL12RB2
ENSG00000131242.18,RAB11FIP4
ENSG00000178999.13,AURKB
ENSG00000118263.15,KLF7
ENSG00000175287.19,PHYHD1
ENSG00000283632.4,EXOC3L2
ENSG00000130768.15,SMPDL3B
ENSG00000168763.16,CNNM3
ENSG00000197415.12,VEPH1
ENSG00000165169.11,DYNLT3
ENSG00000100479.13,POLE2
ENSG00000109452.12,INPP4B
ENSG00000140931.20,CMTM3
ENSG00000173692.14,PSMD1
ENSG00000125170.11,DOK4
ENSG00000138821.13,SLC39A8
ENSG00000136141.15,LRCH1
ENSG00000165434.8,PGM2L1
ENSG00000165730.16,STOX1
ENSG00000177103.15,DSCAML1
ENSG00000162032.16,SPSB3
ENSG00000169908.12,TM4SF1
ENSG00000175311.7,ANKS4B
ENSG00000178568.15,ERBB4
ENSG00000141068.14,KSR1
ENSG00000271447.6,MMP28
ENSG00000139112.11,GABARAPL1
ENSG00000179051.14,RCC2
ENSG00000158710.15,TAGLN2
ENSG00000152332.16,UHMK1
ENSG00000104537.17,ANXA13
ENSG00000118046.16,STK11
ENSG00000132646.11,PCNA
ENSG00000196482.18,ESRRG
ENSG00000163328.14,GPR155
ENSG00000019102.12,VSIG2
ENSG00000174080.12,CTSF
ENSG00000143158.11,MPC2
ENSG00000060558.4,GNA15
ENSG00000183044.12,ABAT
ENSG00000144837.9,PLA1A
ENSG00000142188.17,TMEM50B
ENSG00000157613.11,CREB3L1
ENSG00000158092.7,NCK1
ENSG00000185010.15,F8
ENSG00000137648.19,TMPRSS4
ENSG00000115648.14,MLPH
ENSG00000112118.20,MCM3
ENSG00000114204.15,SERPINI2
ENSG00000129152.4,MYOD1
ENSG00000149091.15,DGKZ
ENSG00000177570.15,SAMD12
ENSG00000141086.18,CTRL
ENSG00000132254.13,ARFIP2
ENSG00000154309.9,DISP1
ENSG00000106541.12,AGR2
ENSG00000167851.15,CD300A
ENSG00000180806.5,HOXC9
ENSG00000049768.16,FOXP3
ENSG00000174564.13,IL20RB
ENSG00000110092.4,CCND1
ENSG00000275688.4,CCL15-CCL14
ENSG00000103037.12,SETD6
ENSG00000120075.5,HOXB5
ENSG00000049449.10,RCN1
ENSG00000107562.16,CXCL12
ENSG00000126458.4,RRAS
ENSG00000157017.16,GHRL
ENSG00000136238.18,RAC1
ENSG00000181409.14,AATK
ENSG00000028203.18,VEZT
ENSG00000133985.3,TTC9
ENSG00000105989.10,WNT2
ENSG00000117226.12,GBP3
ENSG00000205358.4,MT1H
ENSG00000197712.12,FAM114A1
ENSG00000198934.5,MAGEE1
ENSG00000002587.10,HS3ST1
ENSG00000162878.13,PKDCC
ENSG00000109083.14,IFT20
ENSG00000072954.7,TMEM38A
ENSG00000110042.8,DTX4
ENSG00000102554.14,KLF5
ENSG00000113583.8,C5orf15
ENSG00000036672.16,USP2
ENSG00000107341.5,UBE2R2
ENSG00000141448.11,GATA6
ENSG00000134207.17,SYT6
ENSG00000168928.13,CTRB2
ENSG00000026103.22,FAS
ENSG00000075643.6,MOCOS
ENSG00000146648.19,EGFR
ENSG00000113712.19,CSNK1A1
ENSG00000120318.16,ARAP3
ENSG00000070950.10,RAD18
ENSG00000119711.13,ALDH6A1
ENSG00000177732.8,SOX12
ENSG00000067955.15,CBFB
ENSG00000198643.7,FAM3D
ENSG00000135423.13,GLS2
ENSG00000204219.11,TCEA3
ENSG00000173467.9,AGR3
ENSG00000139946.10,PELI2
ENSG00000163808.17,KIF15
ENSG00000013588.9,GPRC5A
ENSG00000138071.14,ACTR2
ENSG00000007216.15,SLC13A2
ENSG00000106809.11,OGN
ENSG00000164761.9,TNFRSF11B
ENSG00000103769.10,RAB11A
ENSG00000165775.18,FUNDC2
ENSG00000173702.7,MUC13
ENSG00000128422.17,KRT17
ENSG00000197520.10,FAM177B
ENSG00000275718.2,CCL15
ENSG00000163161.14,ERCC3
ENSG00000135503.13,ACVR1B
ENSG00000087263.17,OGFOD1
ENSG00000129038.16,LOXL1
ENSG00000130382.9,MLLT1
ENSG00000142731.11,PLK4
ENSG00000172244.9,C5orf34
ENSG00000185808.14,PIGP
ENSG00000135324.6,MRAP2
ENSG00000030419.16,IKZF2
ENSG00000152422.16,XRCC4
ENSG00000156219.17,ART3
ENSG00000165125.22,TRPV6
ENSG00000160445.11,ZER1
ENSG00000141968.8,VAV1
ENSG00000144824.21,PHLDB2
ENSG00000196975.16,ANXA4
ENSG00000103485.19,QPRT
ENSG00000174748.22,RPL15
ENSG00000164924.18,YWHAZ
ENSG00000197798.9,FAM118B
ENSG00000147889.18,CDKN2A
ENSG00000104375.17,STK3
ENSG00000071127.17,WDR1
ENSG00000109794.13,FAM149A
ENSG00000184292.7,TACSTD2
ENSG00000120093.11,HOXB3
ENSG00000155380.12,SLC16A1
ENSG00000167656.5,LY6D
ENSG00000101443.18,WFDC2
ENSG00000170537.13,TMC7
ENSG00000109084.14,TMEM97
ENSG00000148516.22,ZEB1
ENSG00000170421.12,KRT8
ENSG00000197142.10,ACSL5
ENSG00000214814.7,FER1L6
ENSG00000151693.11,ASAP2
ENSG00000123500.10,COL10A1
ENSG00000145920.15,CPLX2
ENSG00000143196.5,DPT
ENSG00000110917.8,MLEC
ENSG00000108523.16,RNF167
ENSG00000038427.16,VCAN
ENSG00000108821.14,COL1A1
ENSG00000176597.12,B3GNT5
ENSG00000178075.20,GRAMD1C
ENSG00000139668.9,WDFY2
ENSG00000184515.11,BEX5
ENSG00000082781.12,ITGB5
ENSG00000085978.22,ATG16L1
ENSG00000138496.16,PARP9
ENSG00000124615.20,MOCS1
ENSG00000165476.14,REEP3
ENSG00000111229.16,ARPC3
ENSG00000162817.7,C1orf115
ENSG00000149636.16,DSN1
ENSG00000117707.16,PROX1
ENSG00000143013.13,LMO4
ENSG00000121380.12,BCL2L14
ENSG00000065150.21,IPO5
ENSG00000146416.19,AIG1
ENSG00000141639.12,MAPK4
ENSG00000163513.19,TGFBR2
ENSG00000130005.13,GAMT
ENSG00000157315.5,TMED6
ENSG00000165060.15,FXN
ENSG00000067057.18,PFKP
ENSG00000277791.5,PSMB3
ENSG00000175928.6,LRRN1
ENSG00000127578.7,WFIKKN1
ENSG00000110660.15,SLC35F2
ENSG00000129084.18,PSMA1
ENSG00000184574.10,LPAR5
ENSG00000165655.17,ZNF503
ENSG00000160408.15,ST6GALNAC6
ENSG00000130635.16,COL5A1
ENSG00000143434.16,SEMA6C
ENSG00000120885.22,CLU
ENSG00000138193.16,PLCE1
ENSG00000086991.13,NOX4
ENSG00000160182.3,TFF1
ENSG00000143850.16,PLEKHA6
ENSG00000074370.18,ATP2A3
ENSG00000135480.16,KRT7
ENSG00000100342.21,APOL1
ENSG00000110274.16,CEP164
ENSG00000131236.18,CAP1
ENSG00000154473.18,BUB3
ENSG00000076242.16,MLH1
ENSG00000108932.12,SLC16A6
ENSG00000148339.12,SLC25A25
ENSG00000182175.14,RGMA
ENSG00000171747.9,LGALS4
ENSG00000066735.14,KIF26A
ENSG00000085491.17,SLC25A24
ENSG00000163032.12,VSNL1
ENSG00000204264.12,PSMB8
ENSG00000145623.13,OSMR
ENSG00000146070.17,PLA2G7
ENSG00000105329.11,TGFB1
ENSG00000133056.13,PIK3C2B
ENSG00000141682.12,PMAIP1
ENSG00000105289.15,TJP3
ENSG00000115616.3,SLC9A2
ENSG00000188643.11,S100A16
ENSG00000079246.16,XRCC5
ENSG00000130545.16,CRB3
ENSG00000168078.10,PBK
ENSG00000181274.7,FRAT2
ENSG00000184160.8,ADRA2C
ENSG00000087250.9,MT3
ENSG00000136883.14,KIF12
ENSG00000151617.17,EDNRA
ENSG00000188760.11,TMEM198
ENSG00000136997.21,MYC
ENSG00000070081.17,NUCB2
ENSG00000140497.16,SCAMP2
ENSG00000164611.13,PTTG1
ENSG00000120915.14,EPHX2
ENSG00000204983.14,PRSS1
ENSG00000141428.17,C18orf21
ENSG00000111331.13,OAS3
ENSG00000175793.12,SFN
ENSG00000118257.17,NRP2
ENSG00000077080.10,ACTL6B
ENSG00000153246.13,PLA2R1
ENSG00000077549.19,CAPZB
ENSG00000196611.5,MMP1
ENSG00000183317.17,EPHA10
ENSG00000178301.4,AQP11
ENSG00000137872.17,SEMA6D
ENSG00000155093.19,PTPRN2
ENSG00000115641.19,FHL2
ENSG00000153233.13,PTPRR
ENSG00000198759.12,EGFL6
ENSG00000163581.14,SLC2A2
ENSG00000099953.10,MMP11
ENSG00000166689.16,PLEKHA7
ENSG00000151136.15,BTBD11
ENSG00000147697.9,GSDMC
ENSG00000049130.16,KITLG
ENSG00000106804.8,C5
ENSG00000129007.14,CALML4
ENSG00000089327.15,FXYD5
ENSG00000186081.12,KRT5
ENSG00000125968.9,ID1
ENSG00000173826.15,KCNH6
ENSG00000154760.14,SLFN13
ENSG00000162244.12,RPL29
ENSG00000094804.12,CDC6
ENSG00000167601.12,AXL
ENSG00000196187.12,TMEM63A
ENSG00000116701.15,NCF2
ENSG00000113389.16,NPR3
ENSG00000101294.18,HM13
ENSG00000180667.10,YOD1
ENSG00000163636.11,PSMD6
ENSG00000071073.13,MGAT4A
ENSG00000130429.15,ARPC1B
ENSG00000115170.15,ACVR1
ENSG00000144659.13,SLC25A38
ENSG00000183486.13,MX2
ENSG00000136816.16,TOR1B
ENSG00000186529.16,CYP4F3
ENSG00000049245.13,VAMP3
ENSG00000163947.12,ARHGEF3
ENSG00000172548.14,NIPAL4
ENSG00000142789.20,CELA3A
ENSG00000176595.4,KBTBD11
ENSG00000173744.18,AGFG1
ENSG00000185437.13,SH3BGR
ENSG00000009765.15,IYD
ENSG00000164465.19,DCBLD1
ENSG00000073910.22,FRY
ENSG00000149781.13,FERMT3
ENSG00000105369.10,CD79A
ENSG00000198689.13,SLC9A6
ENSG00000171476.22,HOPX
ENSG00000157388.19,CACNA1D
ENSG00000072657.9,TRHDE
ENSG00000163541.12,SUCLG1
ENSG00000138180.16,CEP55
ENSG00000138795.10,LEF1
ENSG00000175535.6,PNLIP
ENSG00000147400.10,CETN2
ENSG00000170373.8,CST1
ENSG00000160213.9,CSTB
ENSG00000147883.12,CDKN2B
ENSG00000119547.6,ONECUT2
ENSG00000198855.7,FICD
ENSG00000073792.16,IGF2BP2
ENSG00000140876.11,NUDT7
ENSG00000144749.14,LRIG1
ENSG00000080815.19,PSEN1
ENSG00000108375.13,RNF43
ENSG00000173210.20,ABLIM3
ENSG00000119917.14,IFIT3
ENSG00000171848.16,RRM2
ENSG00000144852.19,NR1I2
ENSG00000163814.8,CDCP1
ENSG00000240065.8,PSMB9
ENSG00000115457.10,IGFBP2
ENSG00000099958.15,DERL3
ENSG00000075223.14,SEMA3C
ENSG00000106399.11,RPA3
ENSG00000143819.12,EPHX1
ENSG00000149269.10,PAK1
ENSG00000073111.14,MCM2
ENSG00000161955.16,TNFSF13
ENSG00000176903.5,PNMA1
ENSG00000177917.11,ARL6IP6
ENSG00000100979.15,PLTP
ENSG00000100413.17,POLR3H
ENSG00000121807.6,CCR2
ENSG00000074416.14,MGLL
ENSG00000167037.19,SGSM1
ENSG00000176915.15,ANKLE2
ENSG00000133106.15,EPSTI1
ENSG00000127419.17,TMEM175
ENSG00000164172.20,MOCS2
ENSG00000102897.10,LYRM1
ENSG00000173193.15,PARP14
ENSG00000124370.11,MCEE
ENSG00000134042.14,MRO
ENSG00000169418.10,NPR1
ENSG00000050426.16,LETMD1
ENSG00000179889.19,PDXDC1
ENSG00000041982.16,TNC
ENSG00000163191.6,S100A11
ENSG00000059378.13,PARP12
ENSG00000169891.18,REPS2
ENSG00000176153.12,GPX2
ENSG00000198417.7,MT1F
ENSG00000185518.12,SV2B
ENSG00000129993.15,CBFA2T3
ENSG00000182795.13,C1orf116
ENSG00000146918.20,NCAPG2
ENSG00000143106.13,PSMA5
ENSG00000111203.13,ITFG2
ENSG00000163661.4,PTX3
ENSG00000196335.13,STK31
ENSG00000166801.16,FAM111A
ENSG00000187824.9,TMEM220
ENSG00000198431.16,TXNRD1
ENSG00000137802.14,MAPKBP1
ENSG00000079112.10,CDH17
ENSG00000175130.7,MARCKSL1
ENSG00000205420.11,KRT6A
ENSG00000132846.6,ZBED3
ENSG00000091317.8,CMTM6
ENSG00000124225.16,PMEPA1
ENSG00000144645.14,OSBPL10
ENSG00000138449.11,SLC40A1
ENSG00000136444.10,RSAD1
ENSG00000134243.12,SORT1
ENSG00000105523.3,FAM83E
ENSG00000116478.12,HDAC1
ENSG00000124233.12,SEMG1
ENSG00000268104.3,SLC6A14
ENSG00000163082.10,SGPP2
ENSG00000051180.17,RAD51
ENSG00000104549.12,SQLE
ENSG00000198901.14,PRC1
ENSG00000010803.16,SCMH1
ENSG00000170779.11,CDCA4
ENSG00000185753.13,CXorf38
ENSG00000149809.16,TM7SF2
ENSG00000198604.11,BAZ1A
ENSG00000149573.9,MPZL2
ENSG00000096433.11,ITPR3
ENSG00000144867.13,SRPRB
ENSG00000148700.15,ADD3
ENSG00000186074.19,CD300LF
ENSG00000116574.6,RHOU
ENSG00000184445.12,KNTC1
ENSG00000157193.18,LRP8
ENSG00000124766.7,SOX4
ENSG00000101150.18,TPD52L2
ENSG00000114650.20,SCAP
ENSG00000215182.8,MUC5AC
ENSG00000205413.8,SAMD9
ENSG00000205929.11,C21orf62
ENSG00000132744.8,ACY3
ENSG00000186007.10,LEMD1
ENSG00000107957.16,SH3PXD2A
ENSG00000145423.5,SFRP2
ENSG00000123843.13,C4BPB
ENSG00000095203.14,EPB41L4B
ENSG00000165527.7,ARF6
ENSG00000197956.10,S100A6
ENSG00000004139.14,SARM1
ENSG00000091129.21,NRCAM
ENSG00000122484.9,RPAP2
ENSG00000153822.14,KCNJ16
ENSG00000143653.10,SCCPDH
ENSG00000163735.7,CXCL5
ENSG00000175063.17,UBE2C
ENSG00000153046.18,CDYL
ENSG00000100129.18,EIF3L
ENSG00000163331.12,DAPL1
ENSG00000167775.11,CD320
ENSG00000136514.3,RTP4
ENSG00000122952.17,ZWINT
ENSG00000162998.5,FRZB
ENSG00000115042.10,FAHD2A
ENSG00000172936.16,MYD88
ENSG00000143771.12,CNIH4
ENSG00000142784.16,WDTC1
ENSG00000119922.10,IFIT2
ENSG00000177426.22,TGIF1
ENSG00000072849.11,DERL2
ENSG00000111325.16,OGFOD2
ENSG00000085511.20,MAP3K4
ENSG00000102096.9,PIM2
ENSG00000254986.7,DPP3
ENSG00000124713.6,GNMT
ENSG00000120889.13,TNFRSF10B
ENSG00000050405.13,LIMA1
ENSG00000104131.13,EIF3J
ENSG00000019505.8,SYT13
ENSG00000002822.15,MAD1L1
ENSG00000213145.10,CRIP1
ENSG00000092421.17,SEMA6A
ENSG00000162595.7,DIRAS3
ENSG00000176920.13,FUT2
ENSG00000116062.17,MSH6
ENSG00000073737.17,DHRS9
ENSG00000184677.18,ZBTB40
ENSG00000160867.15,FGFR4
ENSG00000100097.12,LGALS1
ENSG00000139289.13,PHLDA1
ENSG00000198742.10,SMURF1
ENSG00000153113.24,CAST
ENSG00000130529.16,TRPM4
ENSG00000134775.15,FHOD3
ENSG00000171680.23,PLEKHG5
ENSG00000148925.11,BTBD10
ENSG00000010292.13,NCAPD2
ENSG00000171067.11,C11orf24
ENSG00000100596.7,SPTLC2
ENSG00000115306.16,SPTBN1
ENSG00000154310.17,TNIK
ENSG00000124232.11,RBPJL
ENSG00000136244.12,IL6
ENSG00000147854.17,UHRF2
ENSG00000170011.14,MYRIP
ENSG00000120742.11,SERP1
ENSG00000185404.17,SP140L
ENSG00000068489.13,PRR11
ENSG00000171208.10,NETO2
ENSG00000162174.12,ASRGL1
ENSG00000105976.16,MET
ENSG00000119203.14,CPSF3
ENSG00000064601.20,CTSA
ENSG00000169554.22,ZEB2
ENSG00000106012.18,IQCE
ENSG00000142945.13,KIF2C
ENSG00000106070.20,GRB10
ENSG00000133466.14,C1QTNF6
ENSG00000122512.16,PMS2
ENSG00000102100.16,SLC35A2
ENSG00000198945.8,L3MBTL3
ENSG00000152779.14,SLC16A12
ENSG00000198825.15,INPP5F
ENSG00000253958.2,CLDN23
ENSG00000178538.10,CA8
ENSG00000136689.19,IL1RN
ENSG00000010278.15,CD9
ENSG00000106392.11,C1GALT1
ENSG00000198829.6,SUCNR1
ENSG00000106462.11,EZH2
ENSG00000120149.9,MSX2
ENSG00000170476.16,MZB1
ENSG00000137070.18,IL11RA
ENSG00000143365.19,RORC
ENSG00000065618.21,COL17A1
ENSG00000006451.8,RALA
ENSG00000075624.17,ACTB
ENSG00000158555.15,GDPD5
ENSG00000100124.15,ANKRD54
ENSG00000122756.15,CNTFR
ENSG00000134333.14,LDHA
ENSG00000105552.15,BCAT2
ENSG00000198626.17,RYR2
ENSG00000198944.6,SOWAHA
ENSG00000188130.14,MAPK12
ENSG00000143369.15,ECM1
ENSG00000138311.18,ZNF365
ENSG00000128595.17,CALU
ENSG00000175216.15,CKAP5
ENSG00000128655.18,PDE11A
ENSG00000127831.11,VIL1
ENSG00000164078.13,MST1R
ENSG00000181031.16,RPH3AL
ENSG00000112357.14,PEX7
ENSG00000184349.13,EFNA5
ENSG00000095539.15,SEMA4G
ENSG00000164749.13,HNF4G
ENSG00000133135.14,RNF128
ENSG00000164690.8,SHH
ENSG00000136457.10,CHAD
ENSG00000090382.7,LYZ
ENSG00000120306.11,CYSTM1
ENSG00000186318.16,BACE1
ENSG00000123560.14,PLP1
ENSG00000205426.10,KRT81
ENSG00000151715.8,TMEM45B
ENSG00000164294.14,GPX8
ENSG00000151778.11,SERP2
ENSG00000152558.15,TMEM123
ENSG00000121749.15,TBC1D15
ENSG00000147509.14,RGS20
ENSG00000107242.20,PIP5K1B
ENSG00000078177.14,N4BP2
ENSG00000160145.15,KALRN
ENSG00000147432.7,CHRNB3
ENSG00000138029.14,HADHB
ENSG00000176563.10,CNTD1
ENSG00000165810.17,BTNL9
ENSG00000123983.14,ACSL3
ENSG00000164023.14,SGMS2
ENSG00000176532.4,PRR15
ENSG00000159399.10,HK2
ENSG00000140464.20,PML
ENSG00000170248.15,PDCD6IP
ENSG00000138814.17,PPP3CA
ENSG00000139988.10,RDH12
ENSG00000170190.16,SLC16A5
ENSG00000166123.14,GPT2
ENSG00000135100.18,HNF1A
ENSG00000129521.15,EGLN3
ENSG00000121989.15,ACVR2A
ENSG00000132563.16,REEP2
ENSG00000033178.13,UBA6
ENSG00000033170.17,FUT8
ENSG00000082153.18,BZW1
ENSG00000166923.12,GREM1
ENSG00000165140.11,FBP1
ENSG00000112312.10,GMNN
ENSG00000063854.13,HAGH
ENSG00000089248.7,ERP29
ENSG00000157500.12,APPL1
ENSG00000168765.17,GSTM4
ENSG00000187608.10,ISG15
ENSG00000075618.18,FSCN1
ENSG00000130508.11,PXDN
ENSG00000134265.13,NAPG
ENSG00000179914.5,ITLN1
ENSG00000198162.12,MAN1A2
ENSG00000071537.14,SEL1L
ENSG00000108187.16,PBLD
ENSG00000117472.10,TSPAN1
ENSG00000163485.17,ADORA1
ENSG00000111644.8,ACRBP
ENSG00000106538.10,RARRES2
ENSG00000118971.9,CCND2
ENSG00000129009.13,ISLR
ENSG00000113851.14,CRBN
ENSG00000125266.8,EFNB2
ENSG00000163297.17,ANTXR2
ENSG00000169894.18,MUC3A
ENSG00000108244.17,KRT23
ENSG00000168710.18,AHCYL1
ENSG00000213719.8,CLIC1
ENSG00000185015.8,CA13
ENSG00000119431.9,HDHD3
ENSG00000105388.16,CEACAM5
ENSG00000015171.20,ZMYND11
ENSG00000120725.13,SIL1
ENSG00000198363.18,ASPH
ENSG00000116649.10,SRM
ENSG00000100983.12,GSS
ENSG00000179241.13,LDLRAD3
ENSG00000168092.14,PAFAH1B2
ENSG00000166562.9,SEC11C
ENSG00000203668.3,CHML
ENSG00000076770.14,MBNL3
ENSG00000013563.14,DNASE1L1
ENSG00000137573.14,SULF1
ENSG00000142173.16,COL6A2
ENSG00000168615.13,ADAM9
ENSG00000163466.16,ARPC2
ENSG00000151623.15,NR3C2
ENSG00000139517.9,LNX2
ENSG00000136153.20,LMO7
ENSG00000113657.13,DPYSL3
ENSG00000132382.15,MYBBP1A
ENSG00000164109.14,MAD2L1
ENSG00000109511.12,ANXA10
ENSG00000105173.14,CCNE1
ENSG00000211455.8,STK38L
ENSG00000179751.7,SYCN
ENSG00000177575.13,CD163
ENSG00000123473.16,STIL
ENSG00000113758.13,DBN1
ENSG00000053747.17,LAMA3
ENSG00000163577.8,EIF5A2
ENSG00000055118.16,KCNH2
ENSG00000171431.4,KRT20
ENSG00000111275.13,ALDH2
ENSG00000180730.5,SHISA2
ENSG00000182827.9,ACBD3
ENSG00000089356.18,FXYD3
ENSG00000132912.13,DCTN4
ENSG00000146555.19,SDK1
ENSG00000125347.14,IRF1
ENSG00000182108.11,DEXI
ENSG00000125844.16,RRBP1
ENSG00000166348.18,USP54
ENSG00000116761.12,CTH
ENSG00000077063.11,CTTNBP2
ENSG00000114251.15,WNT5A
ENSG00000125434.11,SLC25A35
ENSG00000117394.24,SLC2A1
ENSG00000167861.16,HID1
ENSG00000029153.14,ARNTL2
ENSG00000122691.13,TWIST1
ENSG00000142615.8,CELA2A
ENSG00000140403.12,DNAJA4
ENSG00000133619.17,KRBA1
ENSG00000173402.12,DAG1
ENSG00000147364.17,FBXO25
ENSG00000196460.14,RFX8
ENSG00000163162.9,RNF149
ENSG00000145476.16,CYP4V2
ENSG00000099282.10,TSPAN15
ENSG00000053254.16,FOXN3
ENSG00000063180.9,CA11
ENSG00000131037.15,EPS8L1
ENSG00000084754.12,HADHA
ENSG00000064787.13,BCAS1
ENSG00000058085.15,LAMC2
ENSG00000169344.15,UMOD
ENSG00000182578.14,CSF1R
ENSG00000181467.5,RAP2B
ENSG00000130939.20,UBE4B
ENSG00000169607.13,CKAP2L
ENSG00000049192.15,ADAMTS6
ENSG00000164877.19,MICALL2
ENSG00000130066.16,SAT1
ENSG00000151208.17,DLG5
ENSG00000104529.17,EEF1D
ENSG00000087245.13,MMP2
ENSG00000129625.13,REEP5
ENSG00000147123.11,NDUFB11
ENSG00000120217.14,CD274
ENSG00000119969.15,HELLS
ENSG00000129538.14,RNASE1
ENSG00000160181.9,TFF2
ENSG00000114115.10,RBP1
ENSG00000198951.12,NAGA
ENSG00000118193.12,KIF14
ENSG00000115091.12,ACTR3
ENSG00000151388.11,ADAMTS12
ENSG00000164530.15,PI16
ENSG00000143570.19,SLC39A1
ENSG00000141401.12,IMPA2
ENSG00000177830.18,CHID1
ENSG00000184164.15,CRELD2
ENSG00000166949.16,SMAD3
ENSG00000075711.21,DLG1
ENSG00000122335.17,SERAC1
ENSG00000160180.15,TFF3
ENSG00000198554.12,WDHD1
ENSG00000064763.11,FAR2
ENSG00000138356.14,AOX1
ENSG00000025796.14,SEC63
ENSG00000198380.13,GFPT1
ENSG00000135052.16,GOLM1
ENSG00000128039.12,SRD5A3
ENSG00000141655.17,TNFRSF11A
ENSG00000132170.23,PPARG
ENSG00000101452.15,DHX35
ENSG00000104760.17,FGL1
ENSG00000270885.2,RASL10B
ENSG00000137269.15,LRRC1
ENSG00000169032.10,MAP2K1
ENSG00000181035.14,SLC25A42
ENSG00000168610.16,STAT3
ENSG00000140297.13,GCNT3
ENSG00000110011.13,DNAJC4
ENSG00000125247.16,TMTC4
ENSG00000185442.13,FAM174B
ENSG00000185386.15,MAPK11
