rank,gene_id,is_literature_curated,fdr_q
1,ENSG00000134333.14,True,0.04231945467496464
2,ENSG00000105976.16,True,0.08130016505600006
3,ENSG00000170312.16,True,0.14621278565466037
4,ENSG00000160712.13,True,0.20602336129533966
5,ENSG00000205420.11,True,0.21604936474161834
6,ENSG00000171345.13,True,0.21617338840218758
7,ENSG00000005884.18,True,0.21777846780438712
8,ENSG00000122861.16,True,0.22419472795216155
9,ENSG00000196754.13,True,0.2243472697656004
10,ENSG00000134057.15,True,0.23932273897268727
11,ENSG00000149554.13,True,0.2566221677174597
12,ENSG00000131747.15,True,0.27723738554146543
13,ENSG00000058085.15,True,0.2786454951377961
14,ENSG00000087586.18,True,0.2858831855702681
15,ENSG00000074800.16,True,0.30324307809852385
16,ENSG00000051180.17,True,0.31123498027536395
17,ENSG00000117713.20,True,0.3373325946763639
18,ENSG00000120217.14,True,0.3373325946763639
19,ENSG00000171791.14,True,0.351373877194895
20,ENSG00000148773.14,True,0.351373877194895
21,ENSG00000117394.24,True,0.35238743765013897
22,ENSG00000132646.11,True,0.35238743765013897
23,ENSG00000196154.12,True,0.36034400581856146
24,ENSG00000019549.13,True,0.3863906260658655
25,ENSG00000102554.14,True,0.3863906260658655
26,ENSG00000170558.10,True,0.38711813137151924
27,ENSG00000104738.18,True,0.3948996585297596
28,ENSG00000012061.16,True,0.41624206467849945
29,ENSG00000089685.15,True,0.4229647943838698
30,ENSG00000133703.13,True,0.43039304114539867
31,ENSG00000090382.7,True,0.43822739157036605
32,ENSG00000057149.16,True,0.44638440983075317
33,ENSG00000011422.12,True,0.447877944845407
34,ENSG00000186847.6,True,0.4522720848351337
35,ENSG00000108691.9,True,0.4902696964504057
36,ENSG00000164171.11,True,0.4941934549401967
37,ENSG00000107159.13,True,0.5131445565541436
38,ENSG00000205426.10,True,0.5132488340924761
39,ENSG00000099953.10,True,0.5204652846240236
40,ENSG00000166851.15,True,0.5218566701190195
41,ENSG00000107562.16,True,0.5221152776774978
42,ENSG00000095002.15,True,0.5337345945677465
43,ENSG00000157764.14,True,0.537470805272029
44,ENSG00000112715.25,True,0.5547369785520679
45,ENSG00000108375.13,True,0.5579111590937527
46,ENSG00000149311.19,True,0.5642941957516544
47,ENSG00000159399.10,True,0.5701816372965698
48,ENSG00000087088.20,True,0.578517121761712
49,ENSG00000105173.14,True,0.5817368580775922
50,ENSG00000122691.13,True,0.6021441544749342
51,ENSG00000141646.14,True,0.6021441544749342
52,ENSG00000113083.15,True,0.6054251294856392
53,ENSG00000178999.13,True,0.6069447839876426
54,ENSG00000132470.14,True,0.6076033681887917
55,ENSG00000026025.16,True,0.610025583789934
56,ENSG00000185499.16,True,0.6168767835486115
57,ENSG00000128422.17,True,0.6183693891218942
58,ENSG00000175054.16,True,0.6241958814243671
59,ENSG00000125798.15,True,0.62578794538743
60,ENSG00000137673.9,True,0.6265496662756254
61,ENSG00000189143.9,True,0.6289029063130154
62,ENSG00000091409.15,True,0.6345550186457763
63,ENSG00000083093.10,True,0.6474855203005117
64,ENSG00000186081.12,True,0.6474855203005117
65,ENSG00000012048.23,True,0.6774156006319675
66,ENSG00000139515.6,True,0.6830805156342303
67,ENSG00000139329.5,True,0.6856763450373263
68,ENSG00000121807.6,True,0.6891725049116186
69,ENSG00000049768.16,True,0.7010013990345325
70,ENSG00000168610.16,True,0.7128517343480072
71,ENSG00000157227.13,True,0.7144364718245606
72,ENSG00000198851.10,True,0.7164580546437841
73,ENSG00000141448.11,True,0.7257095511340087
74,ENSG00000110092.4,True,0.7269676882652352
75,ENSG00000076242.16,True,0.7270221873254948
76,ENSG00000066405.13,True,0.7310025343369334
77,ENSG00000115414.21,True,0.7364671570920321
78,ENSG00000206073.11,True,0.7510885126277376
79,ENSG00000204262.14,True,0.7588237377885205
80,ENSG00000039068.19,True,0.7596145476408093
81,ENSG00000188389.11,True,0.7738122785576709
82,ENSG00000169554.22,True,0.7830440534964539
83,ENSG00000087245.13,True,0.7840382521802525
84,ENSG00000119888.11,True,0.7938818201401503
85,ENSG00000169856.9,True,0.7979687008004197
86,ENSG00000172023.8,True,0.8040405118956105
87,ENSG00000172116.23,True,0.8063263290084344
88,ENSG00000100644.17,True,0.8063488780895144
89,ENSG00000115386.6,True,0.8085897386694001
90,ENSG00000150093.20,True,0.8133214778498264
91,ENSG00000149925.22,True,0.8183785984183487
92,ENSG00000121966.7,True,0.8189810505015416
93,ENSG00000122512.16,True,0.8219351728273229
94,ENSG00000119547.6,True,0.8277613857705598
95,ENSG00000136244.12,True,0.8283425395393701
96,ENSG00000073111.14,True,0.8305037947660759
97,ENSG00000163599.17,True,0.8340709929456255
98,ENSG00000076003.5,True,0.837891338205054
99,ENSG00000100985.7,True,0.8495174019299866
100,ENSG00000086548.9,True,0.8602426049807679
101,ENSG00000160182.3,True,0.8653517726849048
102,ENSG00000123374.11,True,0.8694072543316925
103,ENSG00000177575.13,True,0.8701456238275609
104,ENSG00000164692.18,True,0.8715460362840878
105,ENSG00000078098.14,True,0.8715460362840878
106,ENSG00000149591.17,True,0.8727302144869296
107,ENSG00000113140.11,True,0.8817151374685176
108,ENSG00000167286.10,True,0.8823268365100669
109,ENSG00000139618.16,True,0.8886904503039149
110,ENSG00000073282.14,True,0.8886904503039149
111,ENSG00000142173.16,True,0.8929328364778325
112,ENSG00000130635.16,True,0.906757324656363
113,ENSG00000106541.12,True,0.923127604254
114,ENSG00000168542.16,True,0.9265890426147798
115,ENSG00000163359.16,True,0.9398905276500209
116,ENSG00000153563.16,True,0.9421169715850398
117,ENSG00000118046.16,True,0.9427856246244075
118,ENSG00000142156.15,True,0.9443321075479154
119,ENSG00000185479.6,True,0.9450293827781954
120,ENSG00000170608.3,True,0.9450293827781954
121,ENSG00000183765.23,True,0.9476540728694854
122,ENSG00000148516.22,True,0.9503021018762895
123,ENSG00000107796.13,True,0.966655138889274
124,ENSG00000160181.9,True,0.9725152808044234
125,ENSG00000136997.21,True,0.9725890627539742
126,ENSG00000158516.12,True,0.9761049343046715
127,ENSG00000147050.16,True,0.9768716950236843
128,ENSG00000105329.11,True,0.9820054676529437
129,ENSG00000101076.17,True,0.9838400249702995
130,ENSG00000215182.8,True,0.9839371139259028
131,ENSG00000127616.19,True,0.9871440936912195
132,ENSG00000164749.13,True,0.9881931455956527
133,ENSG00000133110.15,True,0.9902638302599344
134,ENSG00000182578.14,True,0.9930312191868765
135,ENSG00000168928.13,True,0.9950940731000636
136,ENSG00000121879.6,True,0.9991420682592315
137,ENSG00000175535.6,True,1.0
138,ENSG00000164305.19,True,1.0
139,ENSG00000129226.14,True,1.0
140,ENSG00000153002.12,True,1.0
141,ENSG00000171862.11,True,1.0
142,ENSG00000091704.10,True,1.0
143,ENSG00000106799.13,True,1.0
144,ENSG00000011465.18,True,1.0
145,ENSG00000147889.18,True,1.0
146,ENSG00000168925.12,True,1.0
147,ENSG00000184371.14,True,1.0
148,ENSG00000182492.16,True,1.0
149,ENSG00000169429.11,True,1.0
150,ENSG00000147883.12,True,1.0
151,ENSG00000163513.19,True,1.0
152,ENSG00000137801.11,True,1.0
153,ENSG00000137392.10,True,1.0
154,ENSG00000087460.27,True,1.0
155,ENSG00000092969.12,True,1.0
156,ENSG00000135100.18,True,1.0
157,ENSG00000105388.16,True,1.0
158,ENSG00000141510.18,True,1.0
159,ENSG00000116062.17,True,1.0
160,ENSG00000124216.4,True,1.0
161,ENSG00000130675.15,True,1.0
162,ENSG00000204983.14,True,1.0
163,ENSG00000108821.14,True,1.0
164,ENSG00000234560.4,False,7.05432689254562e-07
165,ENSG00000215545.1,False,7.05432689254562e-07
166,ENSG00000118491.10,False,1.795468543767362e-06
167,ENSG00000197123.9,False,1.1467238157225e-05
168,ENSG00000155495.9,False,1.2546149525494428e-05
169,ENSG00000282815.1,False,0.00023331938368283058
170,ENSG00000253548.1,False,0.0004587598321657004
171,ENSG00000184735.7,False,0.0006496233585174582
172,ENSG00000133321.11,False,0.004408649178455352
173,ENSG00000068985.5,False,0.004679830529256268
174,ENSG00000166589.13,False,0.004679830529256268
175,ENSG00000126233.2,False,0.011359149091415064
176,ENSG00000173157.17,False,0.011359149091415064
177,ENSG00000131059.12,False,0.0116836349836162
178,ENSG00000168062.10,False,0.016506550166381872
179,ENSG00000270765.6,False,0.017176684753868198
180,ENSG00000046774.10,False,0.017762596060186913
181,ENSG00000174564.13,False,0.02299449485406642
182,ENSG00000176566.5,False,0.023016823049377758
183,ENSG00000130303.13,False,0.0340679171371199
184,ENSG00000048544.6,False,0.036082016629073614
185,ENSG00000271447.6,False,0.036082016629073614
186,ENSG00000130487.9,False,0.04017179935355505
187,ENSG00000198826.11,False,0.0422759639429915
188,ENSG00000119771.15,False,0.0422759639429915
189,ENSG00000137819.14,False,0.0422759639429915
190,ENSG00000134588.12,False,0.0422759639429915
191,ENSG00000145681.11,False,0.0422759639429915
192,ENSG00000274559.3,False,0.0422759639429915
193,ENSG00000075188.9,False,0.0422759639429915
194,ENSG00000135686.13,False,0.0422759639429915
195,ENSG00000132341.12,False,0.0422759639429915
196,ENSG00000136935.14,False,0.0422759639429915
197,ENSG00000075643.6,False,0.0422759639429915
198,ENSG00000177693.4,False,0.0422759639429915
199,ENSG00000277277.3,False,0.0422759639429915
200,ENSG00000168930.13,False,0.0422759639429915
201,ENSG00000204979.8,False,0.0422759639429915
202,ENSG00000197591.3,False,0.0422759639429915
203,ENSG00000088782.5,False,0.0422759639429915
204,ENSG00000240065.8,False,0.0422759639429915
205,ENSG00000163202.5,False,0.0422759639429915
206,ENSG00000176485.12,False,0.0422759639429915
207,ENSG00000136878.14,False,0.04445619957358275
208,ENSG00000174151.15,False,0.047030664051998156
209,ENSG00000120509.11,False,0.04905390322703938
210,ENSG00000173335.5,False,0.05479512638008174
211,ENSG00000133106.15,False,0.06834468465017922
212,ENSG00000268043.7,False,0.06834468465017922
213,ENSG00000139211.7,False,0.06834468465017922
214,ENSG00000172464.3,False,0.06834468465017922
215,ENSG00000041357.16,False,0.07746388259806716
216,ENSG00000100911.16,False,0.07746388259806716
217,ENSG00000180787.6,False,0.07746388259806716
218,ENSG00000108509.21,False,0.07746388259806716
219,ENSG00000167656.5,False,0.07746388259806716
220,ENSG00000122375.12,False,0.07746388259806716
221,ENSG00000198105.15,False,0.07746388259806716
222,ENSG00000156587.16,False,0.07746388259806716
223,ENSG00000197172.10,False,0.08126431640513437
224,ENSG00000128714.6,False,0.08126431640513437
225,ENSG00000097007.19,False,0.08126431640513437
226,ENSG00000070061.16,False,0.08130016505600006
227,ENSG00000158825.6,False,0.08412215007811935
228,ENSG00000125633.11,False,0.08470642440201287
229,ENSG00000164532.11,False,0.08470642440201287
230,ENSG00000134775.15,False,0.08470642440201287
231,ENSG00000111700.13,False,0.08507539565269712
232,ENSG00000181381.14,False,0.08663741463340982
233,ENSG00000177303.10,False,0.0869877306795923
234,ENSG00000154265.16,False,0.0869877306795923
235,ENSG00000165949.12,False,0.0869877306795923
236,ENSG00000171202.7,False,0.0869877306795923
237,ENSG00000117501.14,False,0.08711744081995705
238,ENSG00000050344.9,False,0.08759373245905189
239,ENSG00000286102.1,False,0.08759373245905189
240,ENSG00000087502.18,False,0.08759373245905189
241,ENSG00000184752.13,False,0.08759373245905189
242,ENSG00000010318.21,False,0.08759373245905189
243,ENSG00000089127.14,False,0.08759373245905189
244,ENSG00000258453.3,False,0.08759373245905189
245,ENSG00000148411.8,False,0.08759373245905189
246,ENSG00000165699.15,False,0.08759373245905189
247,ENSG00000206075.14,False,0.08759373245905189
248,ENSG00000189280.3,False,0.08759373245905189
249,ENSG00000119283.15,False,0.08759373245905189
250,ENSG00000180354.16,False,0.08759373245905189
251,ENSG00000183691.6,False,0.0910239275865496
252,ENSG00000135114.12,False,0.0910239275865496
253,ENSG00000128944.13,False,0.0910239275865496
254,ENSG00000267740.5,False,0.0915494838240961
255,ENSG00000148396.18,False,0.0915494838240961
256,ENSG00000137807.16,False,0.0915494838240961
257,ENSG00000138778.13,False,0.09276908177130579
258,ENSG00000149639.15,False,0.09276908177130579
259,ENSG00000184677.18,False,0.09276908177130579
260,ENSG00000140464.20,False,0.09802010619800218
261,ENSG00000204264.12,False,0.09915711737324044
262,ENSG00000092010.15,False,0.09915711737324044
263,ENSG00000177476.3,False,0.09915711737324044
264,ENSG00000108878.5,False,0.09915711737324044
265,ENSG00000196260.5,False,0.09915711737324044
266,ENSG00000104827.12,False,0.09915711737324044
