gene_id,gene_symbol,source
ENSG00000183044.12,ABAT,gyorffy_survival
ENSG00000124574.15,ABCC10,gyorffy_survival
ENSG00000125257.16,ABCC4,gyorffy_survival
ENSG00000072778.20,ACADVL,gyorffy_survival
ENSG00000112304.11,ACOT13,gyorffy_survival
ENSG00000097021.20,ACOT7,gyorffy_survival
ENSG00000123130.17,ACOT9,gyorffy_survival
ENSG00000168306.13,ACOX2,gyorffy_survival
ENSG00000167107.13,ACSF2,gyorffy_survival
ENSG00000107796.13,ACTA2,literature_pan_cancer
ENSG00000075624.17,ACTB,literature_oncotype_dx
ENSG00000133627.18,ACTR3B,gyorffy_survival
ENSG00000170634.13,ACYP2,gyorffy_survival
ENSG00000151694.14,ADAM17,gyorffy_survival
ENSG00000134028.14,ADAMDEC1,gyorffy_survival
ENSG00000065457.10,ADAT1,gyorffy_survival
ENSG00000164742.16,ADCY1,gyorffy_survival
ENSG00000174233.11,ADCY6,gyorffy_survival
ENSG00000121281.13,ADCY7,gyorffy_survival
ENSG00000162104.10,ADCY9,gyorffy_survival
ENSG00000148926.10,ADM,gyorffy_survival
ENSG00000159322.17,ADPGK,gyorffy_survival
ENSG00000072364.13,AFF4,gyorffy_survival
ENSG00000135049.16,AGTPBP1,gyorffy_survival
ENSG00000185567.7,AHNAK2,gyorffy_survival
ENSG00000163568.15,AIM2,gyorffy_survival
ENSG00000106305.10,AIMP2,gyorffy_survival
ENSG00000072210.19,ALDH3A2,gyorffy_survival
ENSG00000149925.22,ALDOA,literature_pan_cancer
ENSG00000152766.6,ANKRD22,gyorffy_survival
ENSG00000151458.12,ANKRD50,gyorffy_survival
ENSG00000011426.11,ANLN,literature_pam50
ENSG00000143401.15,ANP32E,gyorffy_survival
ENSG00000143412.10,ANXA9,gyorffy_survival
ENSG00000072958.9,AP1M1,gyorffy_survival
ENSG00000138613.14,APH1B,gyorffy_survival
ENSG00000179750.16,APOBEC3B,gyorffy_survival
ENSG00000130208.9,APOC1,gyorffy_survival
ENSG00000109321.11,AREG,gyorffy_survival
ENSG00000134287.10,ARF3,gyorffy_survival
ENSG00000149182.15,ARFGAP2,gyorffy_survival
ENSG00000132254.13,ARFIP2,gyorffy_survival
ENSG00000163219.12,ARHGAP25,gyorffy_survival
ENSG00000134909.18,ARHGAP32,gyorffy_survival
ENSG00000117713.20,ARID1A,core_driver_pan_cancer
ENSG00000163466.16,ARPC2,gyorffy_survival
ENSG00000156219.17,ART3,gyorffy_survival
ENSG00000105011.9,ASF1B,gyorffy_survival
ENSG00000116539.14,ASH1L,gyorffy_survival
ENSG00000070669.17,ASNS,gyorffy_survival
ENSG00000066279.18,ASPM,gyorffy_survival
ENSG00000149311.19,ATM,literature_pan_cancer
ENSG00000069849.11,ATP1B3,gyorffy_survival
ENSG00000017260.20,ATP2C1,gyorffy_survival
ENSG00000081923.15,ATP8B1,gyorffy_survival
ENSG00000175054.16,ATR,literature_pan_cancer
ENSG00000087586.18,AURKA,gyorffy_survival
ENSG00000178999.13,AURKB,literature_pan_cancer
ENSG00000163512.14,AZI2,gyorffy_survival
ENSG00000179913.11,B3GNT3,gyorffy_survival
ENSG00000158470.5,B4GALT5,gyorffy_survival
ENSG00000107262.26,BAG1,literature_pam50
ENSG00000112208.11,BAG2,gyorffy_survival
ENSG00000087088.20,BAX,literature_pan_cancer
ENSG00000140463.14,BBS4,gyorffy_survival
ENSG00000187244.12,BCAM,gyorffy_survival
ENSG00000103507.14,BCKDK,gyorffy_survival
ENSG00000171791.14,BCL2,literature_pam50
ENSG00000182492.16,BGN,literature_pan_cancer
ENSG00000089685.15,BIRC5,gyorffy_survival
ENSG00000115760.14,BIRC6,gyorffy_survival
ENSG00000197299.12,BLM,gyorffy_survival
ENSG00000106605.11,BLVRA,literature_pam50
ENSG00000153162.9,BMP6,gyorffy_survival
ENSG00000165733.8,BMS1,gyorffy_survival
ENSG00000172331.12,BPGM,gyorffy_survival
ENSG00000157764.14,BRAF,core_driver_pan_cancer
ENSG00000012048.23,BRCA1,gyorffy_survival
ENSG00000139618.16,BRCA2,literature_pan_cancer
ENSG00000119411.11,BSPRY,gyorffy_survival
ENSG00000133243.10,BTBD2,gyorffy_survival
ENSG00000169814.16,BTD,gyorffy_survival
ENSG00000159388.6,BTG2,gyorffy_survival
ENSG00000154640.15,BTG3,gyorffy_survival
ENSG00000169679.15,BUB1,gyorffy_survival
ENSG00000171067.11,C11orf24,gyorffy_survival
ENSG00000173372.17,C1QA,gyorffy_survival
ENSG00000173369.17,C1QB,gyorffy_survival
ENSG00000198912.11,C1orf174,gyorffy_survival
ENSG00000113583.8,C5orf15,gyorffy_survival
ENSG00000181904.9,C5orf24,gyorffy_survival
ENSG00000074410.14,CA12,gyorffy_survival
ENSG00000107159.13,CA9,literature_pan_cancer
ENSG00000172137.19,CALB2,gyorffy_survival
ENSG00000162545.6,CAMK2N1,gyorffy_survival
ENSG00000130559.19,CAMSAP1,gyorffy_survival
ENSG00000171302.17,CANT1,gyorffy_survival
ENSG00000131236.18,CAP1,gyorffy_survival
ENSG00000116489.13,CAPZA1,gyorffy_survival
ENSG00000100065.15,CARD10,gyorffy_survival
ENSG00000204397.8,CARD16,gyorffy_survival
ENSG00000108349.17,CASC3,gyorffy_survival
ENSG00000106144.20,CASP2,gyorffy_survival
ENSG00000164305.19,CASP3,literature_pan_cancer
ENSG00000138794.10,CASP6,gyorffy_survival
ENSG00000145439.12,CBR4,gyorffy_survival
ENSG00000100211.10,CBY1,gyorffy_survival
ENSG00000024862.18,CCDC28A,gyorffy_survival
ENSG00000108691.9,CCL2,literature_pan_cancer
ENSG00000134057.15,CCNB1,literature_pam50
ENSG00000157456.8,CCNB2,gyorffy_survival
ENSG00000110092.4,CCND1,literature_pan_cancer
ENSG00000105173.14,CCNE1,gyorffy_survival
ENSG00000175305.17,CCNE2,gyorffy_survival
ENSG00000118816.11,CCNI,gyorffy_survival
ENSG00000121807.6,CCR2,literature_pan_cancer
ENSG00000126353.3,CCR7,gyorffy_survival
ENSG00000177697.19,CD151,gyorffy_survival
ENSG00000177575.13,CD163,literature_pan_cancer
ENSG00000120217.14,CD274,gyorffy_survival
ENSG00000167286.10,CD3D,gyorffy_survival
ENSG00000198851.10,CD3E,literature_pan_cancer
ENSG00000129226.14,CD68,literature_oncotype_dx
ENSG00000019582.15,CD74,gyorffy_survival
ENSG00000153563.16,CD8A,literature_pan_cancer
ENSG00000172116.23,CD8B,literature_pan_cancer
ENSG00000117399.14,CDC20,gyorffy_survival
ENSG00000101224.17,CDC25B,gyorffy_survival
ENSG00000158402.20,CDC25C,gyorffy_survival
ENSG00000094804.12,CDC6,gyorffy_survival
ENSG00000144354.14,CDCA7,gyorffy_survival
ENSG00000170558.10,CDH2,literature_pan_cancer
ENSG00000062038.14,CDH3,literature_pam50
ENSG00000170312.16,CDK1,literature_pan_cancer
ENSG00000123374.11,CDK2,literature_pan_cancer
ENSG00000111328.7,CDK2AP1,gyorffy_survival
ENSG00000147889.18,CDKN2A,core_driver_pan_cancer
ENSG00000147883.12,CDKN2B,core_driver_pan_cancer
ENSG00000123080.12,CDKN2C,gyorffy_survival
ENSG00000115163.15,CENPA,gyorffy_survival
ENSG00000117724.13,CENPF,gyorffy_survival
ENSG00000123219.13,CENPK,gyorffy_survival
ENSG00000166451.13,CENPN,gyorffy_survival
ENSG00000203760.9,CENPW,gyorffy_survival
ENSG00000143702.16,CEP170,gyorffy_survival
ENSG00000138180.16,CEP55,gyorffy_survival
ENSG00000163320.12,CGGBP1,gyorffy_survival
ENSG00000167670.16,CHAF1A,gyorffy_survival
ENSG00000149554.13,CHEK1,literature_pan_cancer
ENSG00000183765.23,CHEK2,literature_pan_cancer
ENSG00000072609.18,CHFR,gyorffy_survival
ENSG00000130724.9,CHMP2A,gyorffy_survival
ENSG00000111666.11,CHPT1,gyorffy_survival
ENSG00000169105.8,CHST14,gyorffy_survival
ENSG00000182022.18,CHST15,gyorffy_survival
ENSG00000005194.15,CIAPIN1,gyorffy_survival
ENSG00000136305.11,CIDEB,gyorffy_survival
ENSG00000099622.14,CIRBP,gyorffy_survival
ENSG00000125931.11,CITED1,gyorffy_survival
ENSG00000173207.13,CKS1B,gyorffy_survival
ENSG00000123975.5,CKS2,gyorffy_survival
ENSG00000172243.18,CLEC7A,gyorffy_survival
ENSG00000155962.13,CLIC2,gyorffy_survival
ENSG00000172409.6,CLP1,gyorffy_survival
ENSG00000166685.12,COG1,gyorffy_survival
ENSG00000103051.20,COG4,gyorffy_survival
ENSG00000168434.13,COG7,gyorffy_survival
ENSG00000108821.14,COL1A1,literature_pan_cancer
ENSG00000164692.18,COL1A2,literature_pan_cancer
ENSG00000168542.16,COL3A1,literature_pan_cancer
ENSG00000130635.16,COL5A1,literature_pan_cancer
ENSG00000204262.14,COL5A2,literature_pan_cancer
ENSG00000080573.7,COL5A3,gyorffy_survival
ENSG00000142156.15,COL6A1,literature_pan_cancer
ENSG00000142173.16,COL6A2,literature_pan_cancer
ENSG00000163359.16,COL6A3,literature_pan_cancer
ENSG00000111481.10,COPZ1,gyorffy_survival
ENSG00000167113.11,COQ4,gyorffy_survival
ENSG00000164919.11,COX6C,gyorffy_survival
ENSG00000137449.17,CPEB2,gyorffy_survival
ENSG00000213145.10,CRIP1,gyorffy_survival
ENSG00000182809.11,CRIP2,gyorffy_survival
ENSG00000101343.15,CRNKL1,gyorffy_survival
ENSG00000103316.12,CRYM,gyorffy_survival
ENSG00000124207.17,CSE1L,gyorffy_survival
ENSG00000184371.14,CSF1,literature_pan_cancer
ENSG00000182578.14,CSF1R,literature_pan_cancer
ENSG00000141551.14,CSNK1D,gyorffy_survival
ENSG00000114646.10,CSPG5,gyorffy_survival
ENSG00000144655.15,CSRNP1,gyorffy_survival
ENSG00000144579.8,CTDSP1,gyorffy_survival
ENSG00000163599.17,CTLA4,literature_pan_cancer
ENSG00000256043.4,CTSO,gyorffy_survival
ENSG00000136943.11,CTSV,literature_oncotype_dx
ENSG00000107874.11,CUEDC2,gyorffy_survival
ENSG00000169245.6,CXCL10,gyorffy_survival
ENSG00000107562.16,CXCL12,literature_pan_cancer
ENSG00000156234.7,CXCL13,gyorffy_survival
ENSG00000169429.11,CXCL8,literature_pan_cancer
ENSG00000121966.7,CXCR4,gyorffy_survival
ENSG00000171604.12,CXXC5,literature_pam50
ENSG00000166347.19,CYB5A,gyorffy_survival
ENSG00000165168.8,CYBB,gyorffy_survival
ENSG00000008256.16,CYTH3,gyorffy_survival
ENSG00000173402.12,DAG1,gyorffy_survival
ENSG00000178149.17,DALRD3,gyorffy_survival
ENSG00000196730.13,DAPK1,gyorffy_survival
ENSG00000070190.13,DAPP1,gyorffy_survival
ENSG00000011465.18,DCN,literature_pan_cancer
ENSG00000129187.14,DCTD,gyorffy_survival
ENSG00000137692.12,DCUN1D5,gyorffy_survival
ENSG00000168872.17,DDX19A,gyorffy_survival
ENSG00000107625.13,DDX50,gyorffy_survival
ENSG00000177030.17,DEAF1,gyorffy_survival
ENSG00000162777.17,DENND2D,gyorffy_survival
ENSG00000100867.15,DHRS2,gyorffy_survival
ENSG00000066084.13,DIP2B,gyorffy_survival
ENSG00000126787.13,DLGAP5,gyorffy_survival
ENSG00000105880.7,DLX5,gyorffy_survival
ENSG00000138346.15,DNA2,gyorffy_survival
ENSG00000162616.9,DNAJB4,gyorffy_survival
ENSG00000088305.18,DNMT3B,gyorffy_survival
ENSG00000136982.6,DSCC1,gyorffy_survival
ENSG00000125868.16,DSTN,gyorffy_survival
ENSG00000137857.17,DUOX1,gyorffy_survival
ENSG00000111266.9,DUSP16,gyorffy_survival
ENSG00000138166.6,DUSP5,gyorffy_survival
ENSG00000130829.18,DUSP9,gyorffy_survival
ENSG00000134874.18,DZIP1,gyorffy_survival
ENSG00000112242.15,E2F3,gyorffy_survival
ENSG00000127884.5,ECHS1,gyorffy_survival
ENSG00000114346.14,ECT2,gyorffy_survival
ENSG00000167658.16,EEF2,gyorffy_survival
ENSG00000115468.12,EFHD1,gyorffy_survival
ENSG00000146648.19,EGFR,literature_pam50
ENSG00000175390.15,EIF3F,gyorffy_survival
ENSG00000187840.5,EIF4EBP1,gyorffy_survival
ENSG00000102034.17,ELF4,gyorffy_survival
ENSG00000179387.10,ELMOD2,gyorffy_survival
ENSG00000197977.4,ELOVL2,gyorffy_survival
ENSG00000012660.14,ELOVL5,gyorffy_survival
ENSG00000125746.18,EML2,gyorffy_survival
ENSG00000163064.7,EN1,gyorffy_survival
ENSG00000074800.16,ENO1,literature_pan_cancer
ENSG00000111674.9,ENO2,gyorffy_survival
ENSG00000083782.8,EPYC,gyorffy_survival
ENSG00000141736.14,ERBB2,gyorffy_survival
ENSG00000178568.15,ERBB4,gyorffy_survival
ENSG00000012061.16,ERCC1,literature_pan_cancer
ENSG00000089248.7,ERP29,gyorffy_survival
ENSG00000116285.13,ERRFI1,gyorffy_survival
ENSG00000135476.12,ESPL1,gyorffy_survival
ENSG00000091831.24,ESR1,gyorffy_survival
ENSG00000157557.13,ETS2,gyorffy_survival
ENSG00000196405.13,EVL,gyorffy_survival
ENSG00000174371.17,EXO1,literature_pam50
ENSG00000106462.11,EZH2,gyorffy_survival
ENSG00000103089.9,FA2H,gyorffy_survival
ENSG00000117480.16,FAAH,gyorffy_survival
ENSG00000103876.13,FAH,gyorffy_survival
ENSG00000174132.9,FAM174A,gyorffy_survival
ENSG00000185442.13,FAM174B,gyorffy_survival
ENSG00000187741.15,FANCA,gyorffy_survival
ENSG00000183161.6,FANCF,gyorffy_survival
ENSG00000140525.19,FANCI,gyorffy_survival
ENSG00000078098.14,FAP,literature_pan_cancer
ENSG00000149806.11,FAU,gyorffy_survival
ENSG00000105202.9,FBL,gyorffy_survival
ENSG00000165140.11,FBP1,gyorffy_survival
ENSG00000153558.16,FBXL2,gyorffy_survival
ENSG00000118496.5,FBXO30,gyorffy_survival
ENSG00000112029.10,FBXO5,gyorffy_survival
ENSG00000160867.15,FGFR4,literature_pam50
ENSG00000115641.19,FHL2,gyorffy_survival
ENSG00000135723.14,FHOD1,gyorffy_survival
ENSG00000214253.9,FIS1,gyorffy_survival
ENSG00000106080.11,FKBP14,gyorffy_survival
ENSG00000151702.17,FLI1,gyorffy_survival
ENSG00000136068.15,FLNB,gyorffy_survival
ENSG00000131781.13,FMO5,gyorffy_survival
ENSG00000115414.21,FN1,literature_pan_cancer
ENSG00000217128.12,FNIP1,gyorffy_survival
ENSG00000052795.13,FNIP2,gyorffy_survival
ENSG00000129514.8,FOXA1,gyorffy_survival
ENSG00000054598.9,FOXC1,literature_pam50
ENSG00000049768.16,FOXP3,literature_pan_cancer
ENSG00000204681.11,GABBR1,gyorffy_survival
ENSG00000102287.19,GABRE,gyorffy_survival
ENSG00000141012.13,GALNS,gyorffy_survival
ENSG00000109586.12,GALNT7,gyorffy_survival
ENSG00000111640.15,GAPDH,literature_oncotype_dx
ENSG00000159131.17,GART,gyorffy_survival
ENSG00000107485.18,GATA3,gyorffy_survival
ENSG00000117228.10,GBP1,gyorffy_survival
ENSG00000154451.14,GBP5,gyorffy_survival
ENSG00000131979.20,GCH1,gyorffy_survival
ENSG00000101003.10,GINS1,gyorffy_survival
ENSG00000147536.12,GINS4,gyorffy_survival
ENSG00000106571.15,GLI3,gyorffy_survival
ENSG00000167699.13,GLOD4,gyorffy_survival
ENSG00000148672.9,GLUD1,gyorffy_survival
ENSG00000112312.10,GMNN,gyorffy_survival
ENSG00000100938.18,GMPR2,gyorffy_survival
ENSG00000163655.16,GMPS,gyorffy_survival
ENSG00000156052.11,GNAQ,gyorffy_survival
ENSG00000087460.27,GNAS,core_driver_pan_cancer
ENSG00000172380.6,GNG12,gyorffy_survival
ENSG00000111670.16,GNPTAB,gyorffy_survival
ENSG00000135052.16,GOLM1,gyorffy_survival
ENSG00000143457.11,GOLPH3L,gyorffy_survival
ENSG00000152642.11,GPD1L,gyorffy_survival
ENSG00000173890.17,GPR160,literature_pam50
ENSG00000174946.7,GPR171,gyorffy_survival
ENSG00000121957.15,GPSM2,gyorffy_survival
ENSG00000141738.14,GRB7,literature_pam50
ENSG00000196208.14,GREB1,gyorffy_survival
ENSG00000073605.18,GSDMB,gyorffy_survival
ENSG00000134184.13,GSTM1,literature_oncotype_dx
ENSG00000100577.19,GSTZ1,gyorffy_survival
ENSG00000172432.19,GTPBP2,gyorffy_survival
ENSG00000169919.17,GUSB,literature_oncotype_dx
ENSG00000113088.6,GZMK,gyorffy_survival
ENSG00000213397.10,HAUS7,gyorffy_survival
ENSG00000135077.9,HAVCR2,gyorffy_survival
ENSG00000094631.21,HDAC6,gyorffy_survival
ENSG00000013583.10,HEBP1,gyorffy_survival
ENSG00000138646.9,HERC5,gyorffy_survival
ENSG00000100644.17,HIF1A,gyorffy_survival
ENSG00000127946.17,HIP1,gyorffy_survival
ENSG00000156515.24,HK1,gyorffy_survival
ENSG00000159399.10,HK2,literature_pan_cancer
ENSG00000204257.15,HLA-DMA,gyorffy_survival
ENSG00000242574.9,HLA-DMB,gyorffy_survival
ENSG00000241106.8,HLA-DOB,gyorffy_survival
ENSG00000231389.7,HLA-DPA1,gyorffy_survival
ENSG00000223865.11,HLA-DPB1,gyorffy_survival
ENSG00000204287.14,HLA-DRA,gyorffy_survival
ENSG00000204592.9,HLA-E,gyorffy_survival
ENSG00000101294.18,HM13,gyorffy_survival
ENSG00000117305.15,HMGCL,gyorffy_survival
ENSG00000072571.20,HMMR,gyorffy_survival
ENSG00000127483.19,HP1BP3,gyorffy_survival
ENSG00000105707.14,HPN,gyorffy_survival
ENSG00000126803.9,HSPA2,gyorffy_survival
ENSG00000106211.10,HSPB1,gyorffy_survival
ENSG00000152137.8,HSPB8,gyorffy_survival
ENSG00000131203.13,IDO1,gyorffy_survival
ENSG00000163565.19,IFI16,gyorffy_survival
ENSG00000137959.16,IFI44L,gyorffy_survival
ENSG00000185745.10,IFIT1,gyorffy_survival
ENSG00000163913.12,IFT122,gyorffy_survival
ENSG00000089289.16,IGBP1,gyorffy_survival
ENSG00000115457.10,IGFBP2,gyorffy_survival
ENSG00000115461.5,IGFBP5,gyorffy_survival
ENSG00000182700.5,IGIP,gyorffy_survival
ENSG00000136244.12,IL6,literature_pan_cancer
ENSG00000160712.13,IL6R,literature_pan_cancer
ENSG00000134352.20,IL6ST,gyorffy_survival
ENSG00000177971.8,IMP3,gyorffy_survival
ENSG00000178035.13,IMPDH2,gyorffy_survival
ENSG00000148798.11,INA,gyorffy_survival
ENSG00000257704.4,INAFM1,gyorffy_survival
ENSG00000109452.12,INPP4B,gyorffy_survival
ENSG00000185133.14,INPP5J,gyorffy_survival
ENSG00000138785.15,INTS12,gyorffy_survival
ENSG00000173226.17,IQCB1,gyorffy_survival
ENSG00000174628.16,IQCK,gyorffy_survival
ENSG00000140968.11,IRF8,gyorffy_survival
ENSG00000176842.15,IRX5,gyorffy_survival
ENSG00000187608.10,ISG15,gyorffy_survival
ENSG00000164171.11,ITGA2,literature_pan_cancer
ENSG00000005884.18,ITGA3,literature_pan_cancer
ENSG00000161638.11,ITGA5,gyorffy_survival
ENSG00000091409.15,ITGA6,literature_pan_cancer
ENSG00000150093.20,ITGB1,literature_pan_cancer
ENSG00000119185.13,ITGB1BP1,gyorffy_survival
ENSG00000132470.14,ITGB4,literature_pan_cancer
ENSG00000082781.12,ITGB5,gyorffy_survival
ENSG00000183340.7,JRKL,gyorffy_survival
ENSG00000186625.14,KATNA1,gyorffy_survival
ENSG00000140854.13,KATNB1,gyorffy_survival
ENSG00000152049.6,KCNE4,gyorffy_survival
ENSG00000153885.14,KCTD15,gyorffy_survival
ENSG00000147050.16,KDM6A,core_driver_pan_cancer
ENSG00000007202.15,KIAA0100,gyorffy_survival
ENSG00000122203.15,KIAA1191,gyorffy_survival
ENSG00000138160.7,KIF11,gyorffy_survival
ENSG00000197892.13,KIF13B,gyorffy_survival
ENSG00000163808.17,KIF15,gyorffy_survival
ENSG00000186185.14,KIF18B,gyorffy_survival
ENSG00000112984.12,KIF20A,gyorffy_survival
ENSG00000142945.13,KIF2C,gyorffy_survival
ENSG00000090889.12,KIF4A,gyorffy_survival
ENSG00000172059.11,KLF11,gyorffy_survival
ENSG00000102554.14,KLF5,literature_pan_cancer
ENSG00000165516.11,KLHDC2,gyorffy_survival
ENSG00000076321.11,KLHL20,gyorffy_survival
ENSG00000135686.13,KLHL36,gyorffy_survival
ENSG00000087448.11,KLHL42,gyorffy_survival
ENSG00000184445.12,KNTC1,gyorffy_survival
ENSG00000025800.14,KPNA6,gyorffy_survival
ENSG00000133703.13,KRAS,core_driver_pan_cancer
ENSG00000186847.6,KRT14,literature_pam50
ENSG00000128422.17,KRT17,literature_pam50
ENSG00000111057.11,KRT18,gyorffy_survival
ENSG00000171360.4,KRT38,gyorffy_survival
ENSG00000186081.12,KRT5,literature_pam50
ENSG00000205420.11,KRT6A,literature_pan_cancer
ENSG00000185479.6,KRT6B,literature_pan_cancer
ENSG00000167767.14,KRT80,gyorffy_survival
ENSG00000205426.10,KRT81,literature_pan_cancer
ENSG00000159166.15,LAD1,gyorffy_survival
ENSG00000172037.14,LAMB2,gyorffy_survival
ENSG00000058085.15,LAMC2,literature_pan_cancer
ENSG00000104341.17,LAPTM4B,gyorffy_survival
ENSG00000143815.15,LBR,gyorffy_survival
ENSG00000196233.14,LCOR,gyorffy_survival
ENSG00000043462.13,LCP2,gyorffy_survival
ENSG00000134333.14,LDHA,literature_pan_cancer
ENSG00000166477.13,LEO1,gyorffy_survival
ENSG00000213625.9,LEPROT,gyorffy_survival
ENSG00000114988.12,LMAN2L,gyorffy_survival
ENSG00000113368.12,LMNB1,gyorffy_survival
ENSG00000113083.15,LOX,literature_pan_cancer
ENSG00000134324.12,LPIN1,gyorffy_survival
ENSG00000198589.14,LRBA,gyorffy_survival
ENSG00000147650.11,LRP12,gyorffy_survival
ENSG00000165501.17,LRR1,gyorffy_survival
ENSG00000171492.14,LRRC8D,gyorffy_survival
ENSG00000041802.11,LSG1,gyorffy_survival
ENSG00000119681.12,LTBP2,gyorffy_survival
ENSG00000139329.5,LUM,literature_pan_cancer
ENSG00000254087.8,LYN,gyorffy_survival
ENSG00000090382.7,LYZ,gyorffy_survival
ENSG00000164109.14,MAD2L1,gyorffy_survival
ENSG00000198517.10,MAFK,gyorffy_survival
ENSG00000187391.22,MAGI2,gyorffy_survival
ENSG00000189221.10,MAOA,gyorffy_survival
ENSG00000069535.14,MAOB,gyorffy_survival
ENSG00000065559.15,MAP2K4,gyorffy_survival
ENSG00000071054.16,MAP4K4,gyorffy_survival
ENSG00000101367.9,MAPRE1,gyorffy_survival
ENSG00000186868.16,MAPT,literature_pam50
ENSG00000155254.13,MARVELD1,gyorffy_survival
ENSG00000131844.16,MCCC2,gyorffy_survival
ENSG00000073111.14,MCM2,literature_pan_cancer
ENSG00000112118.20,MCM3,gyorffy_survival
ENSG00000104738.18,MCM4,literature_pan_cancer
ENSG00000076003.5,MCM6,literature_pan_cancer
ENSG00000153898.13,MCOLN2,gyorffy_survival
ENSG00000014641.21,MDH1,gyorffy_survival
ENSG00000135679.25,MDM2,literature_pam50
ENSG00000065833.9,ME1,gyorffy_survival
ENSG00000106780.9,MEGF9,gyorffy_survival
ENSG00000165304.8,MELK,gyorffy_survival
ENSG00000146834.14,MEPCE,gyorffy_survival
ENSG00000153208.17,MERTK,gyorffy_survival
ENSG00000105976.16,MET,literature_pan_cancer
ENSG00000085871.9,MGST2,gyorffy_survival
ENSG00000261857.7,MIA,literature_pam50
ENSG00000159055.4,MIS18A,gyorffy_survival
ENSG00000148773.14,MKI67,gyorffy_survival
ENSG00000076242.16,MLH1,literature_pan_cancer
ENSG00000115648.14,MLPH,literature_pam50
ENSG00000175727.14,MLXIP,gyorffy_survival
ENSG00000099953.10,MMP11,literature_pam50
ENSG00000262406.3,MMP12,gyorffy_survival
ENSG00000157227.13,MMP14,literature_pan_cancer
ENSG00000087245.13,MMP2,literature_pan_cancer
ENSG00000137673.9,MMP7,literature_pan_cancer
ENSG00000100985.7,MMP9,literature_pan_cancer
ENSG00000173269.14,MMRN2,gyorffy_survival
ENSG00000165943.5,MOAP1,gyorffy_survival
ENSG00000101928.13,MOSPD1,gyorffy_survival
ENSG00000129255.16,MPDU1,gyorffy_survival
ENSG00000103152.12,MPG,gyorffy_survival
ENSG00000154889.17,MPPE1,gyorffy_survival
ENSG00000128309.16,MPST,gyorffy_survival
ENSG00000153029.14,MR1,gyorffy_survival
ENSG00000118242.16,MREG,gyorffy_survival
ENSG00000179010.14,MRFAP1,gyorffy_survival
ENSG00000122140.11,MRPS2,gyorffy_survival
ENSG00000061794.13,MRPS35,gyorffy_survival
ENSG00000110077.14,MS4A6A,gyorffy_survival
ENSG00000095002.15,MSH2,literature_pan_cancer
ENSG00000116062.17,MSH6,literature_pan_cancer
ENSG00000146410.12,MTFR2,gyorffy_survival
ENSG00000107951.15,MTPAP,gyorffy_survival
ENSG00000172732.12,MUS81,gyorffy_survival
ENSG00000132781.19,MUTYH,gyorffy_survival
ENSG00000157601.14,MX1,gyorffy_survival
ENSG00000183486.13,MX2,gyorffy_survival
ENSG00000162576.17,MXRA8,gyorffy_survival
ENSG00000118513.19,MYB,gyorffy_survival
ENSG00000101057.16,MYBL2,gyorffy_survival
ENSG00000136997.21,MYC,literature_pam50
ENSG00000145555.15,MYO10,gyorffy_survival
ENSG00000197879.17,MYO1C,gyorffy_survival
ENSG00000128833.13,MYO5C,gyorffy_survival
ENSG00000148411.8,NACC2,gyorffy_survival
ENSG00000145414.9,NAF1,gyorffy_survival
ENSG00000105402.8,NAPA,gyorffy_survival
ENSG00000171428.15,NAT1,gyorffy_survival
ENSG00000080986.13,NDC80,literature_pam50
ENSG00000109390.13,NDUFC1,gyorffy_survival
ENSG00000117650.13,NEK2,gyorffy_survival
ENSG00000141905.19,NFIC,gyorffy_survival
ENSG00000131669.10,NINJ1,gyorffy_survival
ENSG00000103024.7,NME3,gyorffy_survival
ENSG00000112981.5,NME5,gyorffy_survival
ENSG00000172113.9,NME6,gyorffy_survival
ENSG00000101361.17,NOP56,gyorffy_survival
ENSG00000107281.10,NPDC1,gyorffy_survival
ENSG00000168743.13,NPNT,gyorffy_survival
ENSG00000164128.7,NPY1R,gyorffy_survival
ENSG00000174738.13,NR1D2,gyorffy_survival
ENSG00000147383.11,NSDHL,gyorffy_survival
ENSG00000126653.18,NSRP1,gyorffy_survival
ENSG00000170502.13,NUDT9,gyorffy_survival
ENSG00000143228.13,NUF2,literature_pam50
ENSG00000108256.9,NUFIP2,gyorffy_survival
ENSG00000137497.18,NUMA1,gyorffy_survival
ENSG00000155561.15,NUP205,gyorffy_survival
ENSG00000137804.14,NUSAP1,gyorffy_survival
ENSG00000167693.17,NXN,gyorffy_survival
ENSG00000089127.14,OAS1,gyorffy_survival
ENSG00000111331.13,OAS3,gyorffy_survival
ENSG00000135114.12,OASL,gyorffy_survival
ENSG00000109180.15,OCIAD1,gyorffy_survival
ENSG00000091651.9,ORC6,literature_pam50
ENSG00000165312.6,OTUD1,gyorffy_survival
ENSG00000135124.15,P2RX4,gyorffy_survival
ENSG00000122884.12,P4HA1,gyorffy_survival
ENSG00000083093.10,PALB2,literature_pan_cancer
ENSG00000059378.13,PARP12,gyorffy_survival
ENSG00000041880.14,PARP3,gyorffy_survival
ENSG00000166228.9,PCBD1,gyorffy_survival
ENSG00000126226.22,PCID2,gyorffy_survival
ENSG00000132646.11,PCNA,gyorffy_survival
ENSG00000160299.17,PCNT,gyorffy_survival
ENSG00000140479.18,PCSK6,gyorffy_survival
ENSG00000188389.11,PDCD1,literature_pan_cancer
ENSG00000126249.8,PDCD2L,gyorffy_survival
ENSG00000150593.18,PDCD4,gyorffy_survival
ENSG00000170248.15,PDCD6IP,gyorffy_survival
ENSG00000136940.14,PDCL,gyorffy_survival
ENSG00000172572.7,PDE3A,gyorffy_survival
ENSG00000184588.18,PDE4B,gyorffy_survival
ENSG00000196923.14,PDLIM7,gyorffy_survival
ENSG00000148459.16,PDSS1,gyorffy_survival
ENSG00000166821.9,PEX11A,gyorffy_survival
ENSG00000067057.18,PFKP,gyorffy_survival
ENSG00000177614.11,PGBD5,gyorffy_survival
ENSG00000082175.15,PGR,literature_pam50
ENSG00000164040.18,PGRMC2,gyorffy_survival
ENSG00000167085.13,PHB,gyorffy_survival
ENSG00000109118.14,PHF12,gyorffy_survival
ENSG00000092621.13,PHGDH,gyorffy_survival
ENSG00000019144.19,PHLDB1,gyorffy_survival
ENSG00000144824.21,PHLDB2,gyorffy_survival
ENSG00000197563.11,PIGN,gyorffy_survival
ENSG00000155629.15,PIK3AP1,gyorffy_survival
ENSG00000121879.6,PIK3CA,core_driver_pan_cancer
ENSG00000087842.11,PIR,gyorffy_survival
ENSG00000127564.17,PKMYT1,gyorffy_survival
ENSG00000123739.11,PLA2G12A,gyorffy_survival
ENSG00000146070.17,PLA2G7,gyorffy_survival
ENSG00000118495.20,PLAGL1,gyorffy_survival
ENSG00000122861.16,PLAU,literature_pan_cancer
ENSG00000011422.12,PLAUR,literature_pan_cancer
ENSG00000175895.4,PLEKHF2,gyorffy_survival
ENSG00000147872.10,PLIN2,gyorffy_survival
ENSG00000166851.15,PLK1,gyorffy_survival
ENSG00000083444.17,PLOD1,gyorffy_survival
ENSG00000188313.13,PLSCR1,gyorffy_survival
ENSG00000164050.13,PLXNB1,gyorffy_survival
ENSG00000124225.16,PMEPA1,gyorffy_survival
ENSG00000122512.16,PMS2,literature_pan_cancer
ENSG00000039650.12,PNKP,gyorffy_survival
ENSG00000006757.12,PNPLA4,gyorffy_survival
ENSG00000132000.13,PODNL1,gyorffy_survival
ENSG00000168002.12,POLR2G,gyorffy_survival
ENSG00000133110.15,POSTN,literature_pan_cancer
ENSG00000112033.14,PPARD,gyorffy_survival
ENSG00000086717.18,PPEF1,gyorffy_survival
ENSG00000221914.11,PPP2R2A,gyorffy_survival
ENSG00000074211.14,PPP2R2C,gyorffy_survival
ENSG00000185686.18,PRAME,gyorffy_survival
ENSG00000111725.11,PRKAB1,gyorffy_survival
ENSG00000183943.6,PRKX,gyorffy_survival
ENSG00000171867.17,PRNP,gyorffy_survival
ENSG00000068489.13,PRR11,gyorffy_survival
ENSG00000130962.18,PRRG1,gyorffy_survival
ENSG00000164985.15,PSIP1,gyorffy_survival
ENSG00000101182.15,PSMA7,gyorffy_survival
ENSG00000205220.12,PSMB10,gyorffy_survival
ENSG00000204264.12,PSMB8,gyorffy_survival
ENSG00000197170.10,PSMD12,gyorffy_survival
ENSG00000100911.16,PSME2,gyorffy_survival
ENSG00000183527.12,PSMG1,gyorffy_survival
ENSG00000134222.16,PSRC1,gyorffy_survival
ENSG00000174915.12,PTDSS2,gyorffy_survival
ENSG00000171862.11,PTEN,core_driver_pan_cancer
ENSG00000050628.20,PTGER3,gyorffy_survival
ENSG00000134247.10,PTGFRN,gyorffy_survival
ENSG00000106853.20,PTGR1,gyorffy_survival
ENSG00000081237.20,PTPRC,gyorffy_survival
ENSG00000150787.8,PTS,gyorffy_survival
ENSG00000164611.13,PTTG1,literature_pam50
ENSG00000146676.10,PURB,gyorffy_survival
ENSG00000136045.12,PWP1,gyorffy_survival
ENSG00000151552.12,QDPR,gyorffy_survival
ENSG00000048991.16,R3HDM1,gyorffy_survival
ENSG00000135631.17,RAB11FIP5,gyorffy_survival
ENSG00000124839.13,RAB17,gyorffy_survival
ENSG00000129472.15,RAB2B,gyorffy_survival
ENSG00000196642.19,RABL6,gyorffy_survival
ENSG00000161800.13,RACGAP1,gyorffy_survival
ENSG00000051180.17,RAD51,literature_pan_cancer
ENSG00000111247.15,RAD51AP1,gyorffy_survival
ENSG00000116191.17,RALGPS2,gyorffy_survival
ENSG00000077092.19,RARB,gyorffy_survival
ENSG00000111344.11,RASAL1,gyorffy_survival
ENSG00000075391.17,RASAL2,gyorffy_survival
ENSG00000165105.10,RASEF,gyorffy_survival
ENSG00000099849.15,RASSF7,gyorffy_survival
ENSG00000146587.18,RBAK,gyorffy_survival
ENSG00000106344.8,RBM28,gyorffy_survival
ENSG00000144642.22,RBMS3,gyorffy_survival
ENSG00000056586.16,RC3H2,gyorffy_survival
ENSG00000117625.14,RCOR3,gyorffy_survival
ENSG00000160439.16,RDH13,gyorffy_survival
ENSG00000100918.13,REC8,gyorffy_survival
ENSG00000129625.13,REEP5,gyorffy_survival
ENSG00000181826.10,RELL1,gyorffy_survival
ENSG00000163918.11,RFC4,gyorffy_survival
ENSG00000090104.12,RGS1,gyorffy_survival
ENSG00000155366.17,RHOC,gyorffy_survival
ENSG00000177963.14,RIC8A,gyorffy_survival
ENSG00000101782.15,RIOK3,gyorffy_survival
ENSG00000155906.19,RMND1,gyorffy_survival
ENSG00000145916.19,RMND5B,gyorffy_survival
ENSG00000239305.7,RNF103,gyorffy_survival
ENSG00000101236.17,RNF24,gyorffy_survival
ENSG00000108375.13,RNF43,core_driver_pan_cancer
ENSG00000112130.17,RNF8,gyorffy_survival
ENSG00000067836.13,ROGDI,gyorffy_survival
ENSG00000142541.18,RPL13A,gyorffy_survival
ENSG00000188846.14,RPL14,gyorffy_survival
ENSG00000174748.22,RPL15,gyorffy_survival
ENSG00000063177.13,RPL18,gyorffy_survival
ENSG00000116251.11,RPL22,gyorffy_survival
ENSG00000162244.12,RPL29,gyorffy_survival
ENSG00000100316.16,RPL3,gyorffy_survival
ENSG00000089157.16,RPLP0,literature_oncotype_dx
ENSG00000110700.7,RPS13,gyorffy_survival
ENSG00000170889.14,RPS9,gyorffy_survival
ENSG00000025039.15,RRAGD,gyorffy_survival
ENSG00000171848.16,RRM2,gyorffy_survival
ENSG00000160208.13,RRP1B,gyorffy_survival
ENSG00000179041.4,RRS1,gyorffy_survival
ENSG00000159216.19,RUNX1,gyorffy_survival
ENSG00000196218.13,RYR1,gyorffy_survival
ENSG00000196754.13,S100A2,literature_pan_cancer
ENSG00000196154.12,S100A4,literature_pan_cancer
ENSG00000163993.7,S100P,gyorffy_survival
ENSG00000101347.10,SAMHD1,gyorffy_survival
ENSG00000175467.15,SART1,gyorffy_survival
ENSG00000182568.17,SATB1,gyorffy_survival
ENSG00000227500.10,SCAMP4,gyorffy_survival
ENSG00000143653.10,SCCPDH,gyorffy_survival
ENSG00000124935.4,SCGB1D2,gyorffy_survival
ENSG00000175356.14,SCUBE2,gyorffy_survival
ENSG00000115884.11,SDC1,gyorffy_survival
ENSG00000078808.19,SDF4,gyorffy_survival
ENSG00000075223.14,SEMA3C,gyorffy_survival
ENSG00000137872.17,SEMA6D,gyorffy_survival
ENSG00000119231.11,SENP5,gyorffy_survival
ENSG00000188488.14,SERPINA5,gyorffy_survival
ENSG00000057149.16,SERPINB3,literature_pan_cancer
ENSG00000206073.11,SERPINB4,literature_pan_cancer
ENSG00000197019.5,SERTAD1,gyorffy_survival
ENSG00000189091.13,SF3B3,gyorffy_survival
ENSG00000104332.12,SFRP1,literature_pam50
ENSG00000131171.13,SH3BGRL,gyorffy_survival
ENSG00000130147.16,SH3BP4,gyorffy_survival
ENSG00000107957.16,SH3PXD2A,gyorffy_survival
ENSG00000179526.17,SHARPIN,gyorffy_survival
ENSG00000182199.11,SHMT2,gyorffy_survival
ENSG00000164403.15,SHROOM1,gyorffy_survival
ENSG00000110013.13,SIAE,gyorffy_survival
ENSG00000196470.12,SIAH1,gyorffy_survival
ENSG00000181788.4,SIAH2,gyorffy_survival
ENSG00000185187.13,SIGIRR,gyorffy_survival
ENSG00000187531.14,SIRT7,gyorffy_survival
ENSG00000137078.9,SIT1,gyorffy_survival
ENSG00000170577.8,SIX2,gyorffy_survival
ENSG00000145604.17,SKP2,gyorffy_survival
ENSG00000155926.14,SLA,gyorffy_survival
ENSG00000026751.17,SLAMF7,gyorffy_survival
ENSG00000124140.14,SLC12A5,gyorffy_survival
ENSG00000079215.14,SLC1A3,gyorffy_survival
ENSG00000074621.14,SLC24A1,gyorffy_survival
ENSG00000004864.14,SLC25A13,gyorffy_survival
ENSG00000117394.24,SLC2A1,literature_pan_cancer
ENSG00000103042.9,SLC38A7,gyorffy_survival
ENSG00000196950.14,SLC39A10,gyorffy_survival
ENSG00000141424.13,SLC39A6,gyorffy_survival
ENSG00000138821.13,SLC39A8,gyorffy_survival
ENSG00000133065.11,SLC41A1,gyorffy_survival
ENSG00000134802.18,SLC43A3,gyorffy_survival
ENSG00000088836.14,SLC4A11,gyorffy_survival
ENSG00000164889.15,SLC4A2,gyorffy_survival
ENSG00000103257.9,SLC7A5,gyorffy_survival
ENSG00000103064.15,SLC7A6,gyorffy_survival
ENSG00000092068.20,SLC7A8,gyorffy_survival
ENSG00000109062.12,SLC9A3R1,gyorffy_survival
ENSG00000198689.13,SLC9A6,gyorffy_survival
ENSG00000170365.10,SMAD1,gyorffy_survival
ENSG00000141646.14,SMAD4,core_driver_pan_cancer
ENSG00000113658.18,SMAD5,gyorffy_survival
ENSG00000127616.19,SMARCA4,core_driver_pan_cancer
ENSG00000113810.16,SMC4,gyorffy_survival
ENSG00000143499.14,SMYD2,gyorffy_survival
ENSG00000124216.4,SNAI1,literature_pan_cancer
ENSG00000019549.13,SNAI2,literature_pan_cancer
ENSG00000124562.10,SNRPC,gyorffy_survival
ENSG00000112335.15,SNX3,gyorffy_survival
ENSG00000130340.16,SNX9,gyorffy_survival
ENSG00000176887.7,SOX11,gyorffy_survival
ENSG00000079263.19,SP140,gyorffy_survival
ENSG00000172845.17,SP3,gyorffy_survival
ENSG00000104450.13,SPAG1,gyorffy_survival
ENSG00000091640.8,SPAG7,gyorffy_survival
ENSG00000113140.11,SPARC,literature_pan_cancer
ENSG00000196141.14,SPATS2L,gyorffy_survival
ENSG00000169682.18,SPNS1,gyorffy_survival
ENSG00000152377.14,SPOCK1,gyorffy_survival
ENSG00000118785.14,SPP1,gyorffy_survival
ENSG00000116096.6,SPR,gyorffy_survival
ENSG00000096063.16,SRPK1,gyorffy_survival
ENSG00000124783.14,SSR1,gyorffy_survival
ENSG00000133121.21,STARD13,gyorffy_survival
ENSG00000168610.16,STAT3,literature_pan_cancer
ENSG00000113739.10,STC2,gyorffy_survival
ENSG00000123473.16,STIL,gyorffy_survival
ENSG00000118046.16,STK11,core_driver_pan_cancer
ENSG00000152953.13,STK32B,gyorffy_survival
ENSG00000112079.9,STK38,gyorffy_survival
ENSG00000148248.14,SURF4,gyorffy_survival
ENSG00000198168.9,SVIP,gyorffy_survival
ENSG00000105137.13,SYDE1,gyorffy_survival
ENSG00000108639.8,SYNGR2,gyorffy_survival
ENSG00000013810.20,TACC3,gyorffy_survival
ENSG00000064995.18,TAF11,gyorffy_survival
ENSG00000130699.18,TAF4,gyorffy_survival
ENSG00000148835.11,TAF5,gyorffy_survival
ENSG00000149591.17,TAGLN,literature_pan_cancer
ENSG00000158710.15,TAGLN2,gyorffy_survival
ENSG00000168394.11,TAP1,gyorffy_survival
ENSG00000108239.9,TBC1D12,gyorffy_survival
ENSG00000109436.8,TBC1D9,gyorffy_survival
ENSG00000105254.12,TBCB,gyorffy_survival
ENSG00000028839.10,TBPL1,gyorffy_survival
ENSG00000172465.14,TCEAL1,gyorffy_survival
ENSG00000151790.9,TDO2,gyorffy_survival
ENSG00000160180.15,TFF3,gyorffy_survival
ENSG00000072274.13,TFRC,literature_oncotype_dx
ENSG00000163235.16,TGFA,gyorffy_survival
ENSG00000105329.11,TGFB1,literature_pan_cancer
ENSG00000140682.19,TGFB1I1,gyorffy_survival
ENSG00000092969.12,TGFB2,literature_pan_cancer
ENSG00000119699.8,TGFB3,gyorffy_survival
ENSG00000106799.13,TGFBR1,literature_pan_cancer
ENSG00000163513.19,TGFBR2,literature_pan_cancer
ENSG00000137801.11,THBS1,literature_pan_cancer
ENSG00000259431.6,THTPA,gyorffy_survival
ENSG00000265354.4,TIMM23,gyorffy_survival
ENSG00000196781.16,TLE1,gyorffy_survival
ENSG00000106829.20,TLE4,gyorffy_survival
ENSG00000174125.8,TLR1,gyorffy_survival
ENSG00000137462.9,TLR2,gyorffy_survival
ENSG00000139644.13,TMBIM6,gyorffy_survival
ENSG00000184988.8,TMEM106A,gyorffy_survival
ENSG00000249992.2,TMEM158,gyorffy_survival
ENSG00000112697.17,TMEM30A,gyorffy_survival
ENSG00000182107.7,TMEM30B,gyorffy_survival
ENSG00000109133.13,TMEM33,gyorffy_survival
ENSG00000151715.8,TMEM45B,literature_pam50
ENSG00000171729.14,TMEM51,gyorffy_survival
ENSG00000116209.12,TMEM59,gyorffy_survival
ENSG00000137842.7,TMEM62,gyorffy_survival
ENSG00000164983.7,TMEM65,gyorffy_survival
ENSG00000159596.7,TMEM69,gyorffy_survival
ENSG00000175348.11,TMEM9B,gyorffy_survival
ENSG00000034510.6,TMSB10,gyorffy_survival
ENSG00000158164.7,TMSB15A,gyorffy_survival
ENSG00000118503.15,TNFAIP3,gyorffy_survival
ENSG00000006327.14,TNFRSF12A,gyorffy_survival
ENSG00000102524.11,TNFSF13B,gyorffy_survival
ENSG00000116147.17,TNR,gyorffy_survival
ENSG00000182095.14,TNRC18,gyorffy_survival
ENSG00000078687.17,TNRC6C,gyorffy_survival
ENSG00000131746.13,TNS4,gyorffy_survival
ENSG00000131747.15,TOP2A,gyorffy_survival
ENSG00000136816.16,TOR1B,gyorffy_survival
ENSG00000141510.18,TP53,core_driver_pan_cancer
ENSG00000175274.19,TP53I11,gyorffy_survival
ENSG00000073282.14,TP63,literature_pan_cancer
ENSG00000146242.9,TPBG,gyorffy_survival
ENSG00000234127.9,TRIM26,gyorffy_survival
ENSG00000112343.11,TRIM38,gyorffy_survival
ENSG00000071539.14,TRIP13,gyorffy_survival
ENSG00000135451.13,TROAP,gyorffy_survival
ENSG00000104447.13,TRPS1,gyorffy_survival
ENSG00000157514.16,TSC22D3,gyorffy_survival
ENSG00000121297.8,TSHZ3,gyorffy_survival
ENSG00000143643.13,TTC13,gyorffy_survival
ENSG00000011295.16,TTC19,gyorffy_survival
ENSG00000085831.15,TTC39A,gyorffy_survival
ENSG00000116830.12,TTF2,gyorffy_survival
ENSG00000196230.13,TUBB,gyorffy_survival
ENSG00000176014.13,TUBB6,gyorffy_survival
ENSG00000122691.13,TWIST1,literature_pan_cancer
ENSG00000184470.21,TXNRD2,gyorffy_survival
ENSG00000176890.16,TYMS,literature_pam50
ENSG00000165006.14,UBAP1,gyorffy_survival
ENSG00000143569.19,UBAP2L,gyorffy_survival
ENSG00000175063.17,UBE2C,gyorffy_survival
ENSG00000103275.21,UBE2I,gyorffy_survival
ENSG00000156587.16,UBE2L6,gyorffy_survival
ENSG00000077152.11,UBE2T,literature_pam50
ENSG00000130939.20,UBE4B,gyorffy_survival
ENSG00000154277.13,UCHL1,gyorffy_survival
ENSG00000148154.10,UGCG,gyorffy_survival
ENSG00000175970.11,UNC119B,gyorffy_survival
ENSG00000103404.14,USP31,gyorffy_survival
ENSG00000132952.12,USPL1,gyorffy_survival
ENSG00000111962.8,UST,gyorffy_survival
ENSG00000120800.5,UTP20,gyorffy_survival
ENSG00000134215.16,VAV3,gyorffy_survival
ENSG00000112715.25,VEGFA,literature_pan_cancer
ENSG00000150630.4,VEGFC,gyorffy_survival
ENSG00000136451.9,VEZF1,gyorffy_survival
ENSG00000026025.16,VIM,literature_pan_cancer
ENSG00000147852.16,VLDLR,gyorffy_survival
ENSG00000138442.10,WDR12,gyorffy_survival
ENSG00000065183.16,WDR3,gyorffy_survival
ENSG00000196363.9,WDR5,gyorffy_survival
ENSG00000075702.18,WDR62,gyorffy_survival
ENSG00000177082.13,WDR73,gyorffy_survival
ENSG00000132530.17,XAF1,gyorffy_survival
ENSG00000100219.16,XBP1,gyorffy_survival
ENSG00000124571.18,XPO5,gyorffy_survival
ENSG00000196584.3,XRCC2,gyorffy_survival
ENSG00000079246.16,XRCC5,gyorffy_survival
ENSG00000015532.10,XYLT2,gyorffy_survival
ENSG00000065978.19,YBX1,gyorffy_survival
ENSG00000058799.15,YIPF1,gyorffy_survival
ENSG00000134308.14,YWHAQ,gyorffy_survival
ENSG00000177494.6,ZBED2,gyorffy_survival
ENSG00000178951.9,ZBTB7A,gyorffy_survival
ENSG00000123200.17,ZC3H13,gyorffy_survival
ENSG00000177054.14,ZDHHC13,gyorffy_survival
ENSG00000148516.22,ZEB1,literature_pan_cancer
ENSG00000169554.22,ZEB2,literature_pan_cancer
ENSG00000160445.11,ZER1,gyorffy_survival
ENSG00000180787.6,ZFP3,gyorffy_survival
ENSG00000106261.17,ZKSCAN1,gyorffy_survival
ENSG00000121741.16,ZMYM2,gyorffy_survival
ENSG00000163867.17,ZMYM6,gyorffy_survival
ENSG00000015171.20,ZMYND11,gyorffy_survival
ENSG00000164631.19,ZNF12,gyorffy_survival
ENSG00000160094.15,ZNF362,gyorffy_survival
ENSG00000178163.8,ZNF518B,gyorffy_survival
ENSG00000074657.14,ZNF532,gyorffy_survival
ENSG00000175105.8,ZNF654,gyorffy_survival
ENSG00000156853.13,ZNF689,gyorffy_survival
ENSG00000164684.13,ZNF704,gyorffy_survival
ENSG00000198040.11,ZNF84,gyorffy_survival
ENSG00000184635.16,ZNF93,gyorffy_survival
ENSG00000122952.17,ZWINT,gyorffy_survival
