case_id,n_patches,prop_0,disp_0,intravar_0,centdist_0,prop_1,disp_1,intravar_1,centdist_1,prop_2,disp_2,intravar_2,centdist_2,prop_3,disp_3,intravar_3,centdist_3,prop_4,disp_4,intravar_4,centdist_4,prop_5,disp_5,intravar_5,centdist_5,prop_6,disp_6,intravar_6,centdist_6,prop_7,disp_7,intravar_7,centdist_7,prop_8,disp_8,intravar_8,centdist_8,prop_9,disp_9,intravar_9,centdist_9
C3L-00017,20097,0.0,0.0,0.0,0.0,0.19525302283922974,6472.08560639654,0.14203112816007188,17.963539675434408,0.0,0.0,0.0,0.0,0.8034034930586654,4591.091931977698,0.15302803223163178,16.277082800920677,0.0,0.0,0.0,0.0,0.0,0.0,0.0,0.0,0.0,0.0,0.0,0.0,0.0,0.0,0.0,0.0,0.00019903468179330248,2624.4991245360643,0.06083085648874298,15.210310851174889,0.0011444494203114892,3836.693603987202,0.08526141809367686,14.474516754826325
C3L-00102,8599,0.0,0.0,0.0,0.0,0.487498546342598,5970.809114169054,0.10640498411854356,13.824759596081181,0.16187928828933598,4224.473870480457,0.1160415639776801,16.476492118547576,0.0,0.0,0.0,0.0,0.06558902197929992,4845.755350170608,0.11196237062466585,15.555503148912145,0.0006977555529712757,3642.095353633739,0.07497408784957667,15.493634018335236,0.00011629259216187928,0.0,7.401486830834377e-17,18.079021725165497,0.0,0.0,0.0,0.0,0.2608442842190952,3905.924742282043,0.07860698840245485,12.202769021270642,0.023374811024537735,4190.618290371341,0.06725812708883988,12.345084475572264
C3L-00189,14082,0.000142025280499929,6673.25,0.03294986797434751,18.429776123812054,0.3128106803010936,15427.942916990592,0.0886171309442625,12.73934322318947,0.010793921317994603,15041.036483047787,0.13539262309556213,17.90056968995783,0.0,0.0,0.0,0.0,0.0436017611134782,14967.407359603674,0.13330804225096085,16.05826702087416,0.0,0.0,0.0,0.0,0.1178099701746911,15386.02442731266,0.12079991230750757,17.348756166726897,0.0019883539269990058,9278.442191940196,0.05979838214656177,13.387401404691717,0.4014344553330493,13658.655708487411,0.08229059680308931,13.109058457225368,0.11141883255219429,12899.35053060724,0.09530096134878874,13.560916410791696
C3L-00277,18981,0.0,0.0,0.0,0.0,0.3936568147094463,5060.61664631259,0.11003271068235894,19.37843015238349,0.0,0.0,0.0,0.0,0.6039723934460777,5224.146506950708,0.12581417261659525,15.516754275154303,0.002370791844476055,4568.010597045765,0.11453794839474725,20.218487934143536,0.0,0.0,0.0,0.0,0.0,0.0,0.0,0.0,0.0,0.0,0.0,0.0,0.0,0.0,0.0,0.0,0.0,0.0,0.0,0.0
C3L-00395,5743,0.0,0.0,0.0,0.0,0.11927563990945499,3341.25288541047,0.10478178428461253,14.098247055885835,0.0,0.0,0.0,0.0,0.8169946021243253,2971.388713263006,0.14171732617396485,16.364694274335086,0.00034825004353125546,0.0,0.033412510912448755,19.740889016925,0.0,0.0,0.0,0.0,0.0,0.0,0.0,0.0,0.0,0.0,0.0,0.0,0.0558941319867665,2330.047599664973,0.0830721492206436,14.365883276936092,0.007487375935921992,1750.1806247479599,0.08894866956189007,13.521970665034772
C3L-00401,13672,0.0,0.0,0.0,0.0,0.07233762434172031,5019.333957829729,0.11262500227998477,14.259221016925734,0.0,0.0,0.0,0.0,0.9114248098303102,4426.414669454625,0.15575681823867235,17.546276550512772,0.010020479812755998,2354.2278990110412,0.0882314227234496,19.805033484272542,0.0,0.0,0.0,0.0,0.0,0.0,0.0,0.0,0.0,0.0,0.0,0.0,0.002047981275599766,1423.3461534886246,0.07834201622732051,15.194187316884689,0.004169104739613809,2427.3438210904715,0.08979330876755885,14.07315683826224
C3L-00589,8090,0.0,0.0,0.0,0.0,0.5487021013597033,9235.844739367643,0.1697045415476862,16.45717787476229,0.0012360939431396785,6898.719624057494,0.08833268836381965,16.53948150073517,0.0,0.0,0.0,0.0,0.02533992583436341,7293.787080741408,0.06647913639852242,13.873526570884517,0.0,0.0,0.0,0.0,0.0,0.0,0.0,0.0,0.015698393077873917,7896.290275008761,0.06618204207031785,12.948892921671606,0.27367119901112485,7874.532988672536,0.06898801231686923,11.980655549762542,0.13535228677379482,7787.380945945543,0.06660385676948444,11.800788177487622
C3L-00598,12624,0.0,0.0,0.0,0.0,0.5457065906210393,5318.59052029488,0.13673648895564203,16.33568225062957,0.0008713561470215463,291.6837756046227,0.10487056990341381,21.016247325608507,0.39749683143219267,4372.5450118561075,0.11440543368166073,16.347403662928,0.00039607097591888465,827.6857671284831,0.08198149357295326,19.625493867406867,0.0,0.0,0.0,0.0,0.0,0.0,0.0,0.0,0.00015842839036755386,0.0,0.0233055065652014,16.05226852876642,0.03802281368821293,4111.799025257139,0.08480399924391989,15.511817432232277,0.017347908745247147,4152.420381438915,0.09366155064029301,17.34258990354791
C3L-00599,6879,0.00014536996656490768,0.0,7.401486830834377e-17,16.962882460335795,0.15772641372292484,4617.903397971271,0.08861246160221166,12.885278576592938,0.0036342491641226924,1056.7854559720001,0.07195852602345865,18.432605483684426,0.7589765954353831,3476.9692442518044,0.11233036922332762,15.12659276688598,0.061200755923826136,2209.660122906357,0.09656948713636815,18.392562418386703,0.0,0.0,0.0,0.0,0.0,0.0,0.0,0.0,0.00029073993312981537,0.0,0.04006936805795689,12.400120447209,0.013374036923971508,3032.6834930328546,0.06782116692090039,12.939785000619642,0.004651838930077046,3241.4067465260964,0.07707687740082565,12.7480486752791
C3L-00622,10554,9.475080538184574e-05,0.0,7.401486830834377e-17,17.397905691317543,0.06386204282736403,10827.569565841739,0.09966501460159542,13.229722548398696,0.2355505021792685,10635.048785419067,0.1580754881292806,17.85574990135876,0.0,0.0,0.0,0.0,0.06499905249194618,10669.227493603972,0.09629494039605209,15.07146741004556,0.00018950161076369148,0.0,0.047220548991621224,13.800743198984662,0.0024635209399279895,10341.250501623745,0.12650527611960272,19.209158508455026,0.0,0.0,0.0,0.0,0.030320257722190637,11060.667686262757,0.08147793599810932,13.791394189068901,0.6025203714231571,10939.192765712321,0.09374507100587247,13.03084972043289
C3L-00625,13109,0.00038141734686093526,7327.359283976356,0.043745178910145434,16.523000794321135,0.20993210771225876,11777.876622039314,0.09807286433049188,13.150214835154527,0.1683576169044168,9896.95730546702,0.12162788051110822,16.57027733529495,0.0,0.0,0.0,0.0,0.07857197345335266,9891.148917390214,0.09542736042415766,15.096295805410172,0.0,0.0,0.0,0.0,0.0004577008162331223,9507.030235657563,0.07788102251039608,18.050099005727017,7.628346937218705e-05,0.0,1.850371707708594e-17,12.052231175456466,0.3261881150354718,11725.87651568065,0.09310929213680742,12.927340937479292,0.2160347852620337,10918.899233850601,0.08985610375605087,12.705630074088708
C3L-00640,9261,0.0,0.0,0.0,0.0,0.10625202461937155,4201.052460440533,0.10532778805400615,14.146769266980503,0.0,0.0,0.0,0.0,0.8828420256991686,3684.208244619411,0.15101315413634678,15.996459597528798,0.0,0.0,0.0,0.0,0.0,0.0,0.0,0.0,0.0,0.0,0.0,0.0,0.0,0.0,0.0,0.0,0.0008638375985314761,1408.1303537331119,0.07869172111902435,15.196761656428265,0.01004211208292841,2081.4848790467368,0.09291169753350144,15.554702769688728
C3L-00819,7272,0.0,0.0,0.0,0.0,0.2477997799779978,5219.692004254477,0.09524822885418167,13.168755563307105,0.01595159515951595,2507.1564790289563,0.0952427574256592,16.09284655890533,0.0,0.0,0.0,0.0,0.07439493949394939,3874.154966743121,0.08406036374143304,15.131217140361317,0.0001375137513751375,0.0,3.700743415417188e-17,17.502445895962886,0.0,0.0,0.0,0.0,0.000275027502750275,384.0,0.030015096489358073,14.45292978772086,0.6098734873487349,4101.188057026117,0.08279256055404957,12.655313052053218,0.05156765676567657,3920.504492675503,0.08928358964486144,13.392536190390167
C3L-00881,10650,0.0050704225352112674,3618.538855653928,0.1024316738621837,16.3482246096356,0.11417840375586855,5104.441140026603,0.11068062145913704,13.674086569764908,0.06985915492957746,4176.909582150504,0.13828181878078294,17.873354518531983,0.0,0.0,0.0,0.0,0.11849765258215962,4723.3419527112555,0.12380323253358648,15.385737073135681,0.0005633802816901409,559.4166685837746,0.09139989936271398,16.305017085201687,0.20873239436619717,3575.2916463580395,0.10168680280876297,17.303435907022934,0.0,0.0,0.0,0.0,0.0003755868544600939,1440.0,0.056925511194660584,13.430830800203623,0.4827230046948357,5414.0812150152915,0.07669511558728148,12.27171755265765
C3L-00885,8432,0.0,0.0,0.0,0.0,0.3887571157495256,5438.240413205194,0.0930932628010145,12.988864640977237,0.005218216318785579,674.3341585538873,0.06823601164365078,18.197545048757238,0.0,0.0,0.0,0.0,0.017789373814041744,2938.2398217532696,0.08713030475680099,15.944562961046941,0.0,0.0,0.0,0.0,0.0,0.0,0.0,0.0,0.0,0.0,0.0,0.0,0.0010673624288425048,601.3814070424396,0.041576877957290835,12.982130734566132,0.5871679316888045,3327.6468944712,0.08424014868303477,12.796409744847285
C3L-00928,4647,0.0,0.0,0.0,0.0,0.17430600387346676,2723.363543149149,0.09723193014507991,13.1867879077144,0.04217774908543146,2934.62801690388,0.1421671153877305,19.073083808346748,0.0,0.0,0.0,0.0,0.023240800516462233,2490.206371708171,0.11727937549056999,16.082714353137664,0.0,0.0,0.0,0.0,0.03981063051431031,2387.2364556974753,0.12650443432653544,18.567127846073923,0.0,0.0,0.0,0.0,0.7010974822466107,2731.139792540026,0.08289021602416385,12.575260086214229,0.019367333763718526,2439.3530887937827,0.07099126260280553,12.085155324770264
C3L-01031,24980,0.0018815052041633307,10340.997500576277,0.1370521998551679,19.721313408844406,0.2745796637309848,6949.464902028628,0.12731084980880905,14.554520822466596,0.017173738991192955,10138.80691472708,0.1753219002611346,22.095122309088374,0.0,0.0,0.0,0.0,0.09831865492393915,7426.669460478859,0.15948603227320182,21.29064644203475,0.0,0.0,0.0,0.0,0.28919135308246596,8291.014860224037,0.1335388058864364,21.599122292741818,0.0003202562049639712,1983.6308589542457,0.023991444357422897,15.087667856471867,0.30396317053642913,5934.558312221231,0.09276454355140851,12.852842837315002,0.01457165732586069,5109.359043878186,0.08300133046145307,12.769651825118537
C3L-01032,9586,0.0,0.0,0.0,0.0,0.3208846234091383,5884.148844953312,0.10137943939268212,13.23083407751204,0.06478197371166285,4467.867862249292,0.17242066450160695,19.12054403974405,0.0,0.0,0.0,0.0,0.030878364281243482,5569.919681690277,0.14663598040520878,16.832087491360912,0.00010431879824744419,0.0,7.401486830834377e-17,18.010288922657836,0.08241185061548091,3975.1641245703777,0.15879743674238667,18.1998886961762,0.0006259127894846651,6517.396410355756,0.053243494184875145,12.040615918688994,0.4452326309200918,4138.081566292018,0.08622185725689269,12.912966752605533,0.055080325474650534,5935.667131653774,0.086292523505221,13.24967930686517
C3L-01036,13718,0.4651552704475871,7181.907717682048,0.11868941911921822,19.35042913182824,0.14761627059338095,6787.317419245396,0.10818037478980737,13.761542332979564,0.0110803324099723,7941.058493109043,0.15708519122930972,19.9409422212211,0.0,0.0,0.0,0.0,0.02048403557369879,7127.510303016628,0.13108078716544738,17.301323961996633,0.0,0.0,0.0,0.0,0.000583175389998542,9878.73331584697,0.08276913618128863,18.349322587794074,0.0,0.0,0.0,0.0,0.3153520921417116,3949.5785005037937,0.09252185985545218,13.698078282151965,0.039728823443650675,3669.586239048847,0.09819584129985164,14.729155036363872
C3L-01037,24903,0.0,0.0,0.0,0.0,0.17744850018070113,7190.751918052912,0.09467812012018474,12.532267192017153,0.09906436975464804,6377.888373928093,0.16923185212789327,18.047501133777907,0.0,0.0,0.0,0.0,0.0491908605388909,6886.137262418033,0.11479699819233986,15.06109101003378,0.00020077902260771794,4371.84173605138,0.05363356919824389,13.824786264463615,0.38031562462353935,7042.464064169568,0.14979383654148207,18.599209342636378,0.0,0.0,0.0,0.0,0.28105047584628357,6484.717873726477,0.08052113611801091,11.926488907178205,0.012729390033329317,6103.426823985689,0.07710625941760166,12.645775281081253
C3L-01051,11702,0.0,0.0,0.0,0.0,0.2686720218766023,5226.272379276836,0.10267382896622895,13.201032473333353,0.1989403520765681,5479.448887535897,0.14064671827599495,16.767463170252626,0.0,0.0,0.0,0.0,0.03683131088702786,4921.34085863763,0.09923009888589035,14.786717436671792,8.545547769612032e-05,0.0,3.700743415417188e-17,16.125430609493748,0.0681080157238079,5468.311599862138,0.13422340471304062,17.59173489437245,0.0,0.0,0.0,0.0,0.4224918817296189,4444.084438542877,0.07430159841677227,11.641913968815523,0.004870962228678858,2639.692253861939,0.0813910202547778,12.5896840306036
C3L-01052,29862,0.00023441162681669012,247.85522295920717,0.09805304048079955,20.97820144988237,0.40191547786484494,6577.842034788384,0.10728327129257083,13.562612728424089,0.28601567209162143,7064.549124213646,0.17799367491711912,19.775190257394698,0.0,0.0,0.0,0.0,0.030004688232536336,6344.25357886486,0.14552154543131515,16.62790092996688,0.0003013863773357444,2673.9333547486312,0.07122096631179071,13.532071418976306,0.14423012524278347,6298.2674231178235,0.16035496652497616,19.94258295266535,0.0,0.0,0.0,0.0,0.12621391735315787,5360.268046885415,0.07808672633918144,12.169081274830267,0.011084321210903489,4967.175443867696,0.07090986871376259,12.457529228574638
C3L-01053,13053,0.0,0.0,0.0,0.0,0.31532980923925535,4708.708357784202,0.10133895697661817,13.10136752122046,0.14295564238106181,4831.4967503587995,0.18685014670639136,19.196943297682065,0.0,0.0,0.0,0.0,0.051099364130851144,3920.947236332752,0.09346934868401373,15.003971794152132,0.00015322148165172758,640.0,0.04393841407495713,17.09574790650997,0.0924691641768176,5197.138474835101,0.14158266247144935,18.6367415235562,0.0,0.0,0.0,0.0,0.3960775300697158,4112.781644483327,0.07960136648465509,11.94249473019212,0.0019152685206465945,3754.8538296940737,0.08200691265744899,13.114036357139199
C3L-01054,16641,0.0,0.0,0.0,0.0,0.32185565771287783,6383.3359269484645,0.11335820019670921,13.62495171974484,0.09777056667267592,5947.30627493036,0.1513542783706113,18.092428427491352,0.0,0.0,0.0,0.0,0.04158403942070789,4027.3387835077765,0.08938893341341875,14.667058546873095,0.0001802776275464215,181.01933598375615,0.03350227671148496,14.101563557677153,0.10396009855176973,5148.28669818385,0.1417031851902751,17.946678093080205,0.0,0.0,0.0,0.0,0.4276185325401118,4849.472930155849,0.08133854951225043,11.952569088401708,0.007030827474310438,5439.877967665438,0.09673065659862162,13.161490177167
C3L-01124,15229,0.0,0.0,0.0,0.0,0.41276511918051084,6027.252301248354,0.07816329828487362,11.835500982192896,0.015628078009061658,3240.4179201282955,0.15196133765744643,18.12621107411892,0.0,0.0,0.0,0.0,0.02396743056011557,4360.740481529582,0.12009931619148027,15.420806833246102,0.0003283209665769256,5735.062839275779,0.06121394920377615,13.12640224248689,0.17072690262000131,4126.337628294781,0.14659241508805457,17.806888405454156,0.00019699257994615536,42.666666666666664,0.04290760905956276,12.314662012744789,0.37218464771160287,5412.616639367838,0.07131656559265533,11.743704152423811,0.0042025083721846474,5262.356145287606,0.07215761974026727,12.104826502402299
C3L-01158,17075,0.0,0.0,0.0,0.0,0.3799121522693997,5790.607644435964,0.097897842453401,13.209073860241702,0.16462664714494876,5132.374176712,0.17010897706817482,18.273442846479213,0.0,0.0,0.0,0.0,0.03988286969253294,5281.7899768950965,0.10865040095309682,15.128771913232393,0.0001171303074670571,0.0,0.08746681856266363,15.994987995260395,0.055988286969253294,4904.04246870349,0.14728445665858755,18.325899921601113,0.0,0.0,0.0,0.0,0.3574231332357247,5191.415077597169,0.08049805630714672,12.679711158953106,0.0020497803806734994,2688.1440154227253,0.05838270570314346,11.865416493786391
C3L-01160,17719,0.0,0.0,0.0,0.0,0.2866414583215757,6275.150009763523,0.0962718322211606,13.026651079680464,0.04808397765110898,5274.952996851066,0.19825800238342986,19.23445684620978,0.0,0.0,0.0,0.0,0.06298323833173429,5257.553828228301,0.1312797202997639,16.22818884625971,0.0,0.0,0.0,0.0,0.13510920480839778,6468.89889407655,0.17505163815398905,19.080206926836766,0.003668378576669112,6628.87929560074,0.072320252846566,13.081425844611072,0.45866019527061347,6066.868647660568,0.08193018935103878,12.453421365165376,0.004853547039900672,6569.4294879850495,0.07294608409581314,12.924701528678524
C3L-01328,6323,0.0,0.0,0.0,0.0,0.27139016289735884,4563.477073464883,0.08361373812286282,13.24722045818463,0.0,0.0,0.0,0.0,0.0,0.0,0.0,0.0,0.024355527439506565,2019.0959603887522,0.06050431365475858,15.982787067220139,0.0,0.0,0.0,0.0,0.0,0.0,0.0,0.0,0.0,0.0,0.0,0.0,0.0,0.0,0.0,0.0,0.7042543096631346,3886.6515509679007,0.0729412493104613,13.307340039413674
C3L-01453,10352,0.0,0.0,0.0,0.0,0.5322642967542504,3514.644437573411,0.09414892355047243,18.821204507593635,0.0,0.0,0.0,0.0,0.0,0.0,0.0,0.0,0.0018353941267387943,887.5770608239189,0.0649720892517331,17.887407177180847,9.659969088098918e-05,0.0,7.401486830834377e-17,16.287696619852678,0.0,0.0,0.0,0.0,0.0,0.0,0.0,0.0,0.0004829984544049459,521.5344119517176,0.03855452159334671,14.606950707190748,0.4653207109737249,3750.1287908679546,0.0750554777734298,12.510553121668758
C3L-01598,2495,0.0,0.0,0.0,0.0,0.2625250501002004,2480.6475989111514,0.08097827235591433,12.063713073807389,0.006412825651302605,3215.6614830189383,0.11784571356287332,18.32703331225293,0.0004008016032064128,0.0,1.850371707708594e-17,14.243464619166712,0.03246492985971944,3145.4319424341875,0.1072443760184617,16.000113930621882,0.0,0.0,0.0,0.0,0.07254509018036072,2850.932584623377,0.09954782500501365,17.987637153703286,0.0008016032064128256,1792.0,0.023754875312910595,12.460446444156881,0.36192384769539077,2378.834114386416,0.07510636933574379,12.147435271296406,0.2629258517034068,2201.2195769323744,0.07199913614472295,12.48244128888474
C3L-01637,3979,0.0,0.0,0.0,0.0,0.1713998492083438,3268.4811748520888,0.08718952503527849,12.554170442656305,0.15481276702689117,3045.3668678071303,0.0861671960997105,15.625063115890137,0.0,0.0,0.0,0.0,0.17014325207338526,3349.0064956912947,0.08013196059590007,14.05748484039072,0.0,0.0,0.0,0.0,0.013068610203568736,2268.002643059589,0.0857791781753146,16.851874260081953,0.0035184719778838906,1725.0042755199677,0.06160926530516595,12.96420006310436,0.3963307363659211,2043.2977745931819,0.08078582497872523,12.36997377873228,0.09072631314400603,2514.4579818638736,0.07409361288123241,12.302869739301087
C3L-01662,7906,0.0,0.0,0.0,0.0,0.4629395395901847,4032.2810483472135,0.1377779026413759,15.154695624881304,0.18112825701998483,2887.4462019514112,0.13594313888822498,16.993047395366453,0.0,0.0,0.0,0.0,0.02441183910953706,2609.1498013470405,0.08862899243413548,14.299769021414335,0.0003794586390083481,42.666666666666664,0.049585032615905224,12.647628941086348,0.00025297242600556537,192.0,0.06346724594733384,20.260728989035826,0.0102453832532254,1642.8818526136333,0.05836248122391124,13.22126668597348,0.21540602074373894,2944.3194029730857,0.07390607328613445,12.784571358883518,0.10523652921831521,2618.666550851588,0.0786054262685521,12.249715767615344
C3L-01687,19629,0.0,0.0,0.0,0.0,0.4871873248764583,18035.520206631172,0.15826682299953124,16.506953526676163,0.01625146466962148,15332.808145377707,0.08198308313614892,16.159668239091435,0.0,0.0,0.0,0.0,0.06515869376942279,15691.478294859438,0.07261910543065642,14.568683956577729,5.0945030312293034e-05,0.0,7.401486830834377e-17,15.665323986923534,0.0,0.0,0.0,0.0,0.0,0.0,0.0,0.0,0.23572265525497987,14984.742639431237,0.08200410799806811,12.624842125083548,0.19562891639920527,15027.397583836755,0.0881873049035485,12.637984310537046
C3L-01689,21321,0.0,0.0,0.0,0.0,0.33680408986445287,15532.517137091923,0.17517179652945725,17.3029018515059,0.00023451057642699685,14867.244979452884,0.08852544128284445,17.504931423426918,0.0,0.0,0.0,0.0,0.003330050185263355,11674.178214214298,0.08875829818726233,15.919393307532888,0.0005159232681393931,5759.837226457455,0.0833622444503373,14.253787069736234,0.0,0.0,0.0,0.0,0.0,0.0,0.0,0.0,0.30040804840298296,12191.831003800675,0.08884766452314545,12.907932523742627,0.3587073777027344,13860.84499080662,0.09150425700431697,12.751641300261882
C3L-01702,18619,0.0,0.0,0.0,0.0,0.9787314034051238,16682.55067939388,0.1132621212954689,13.799097464651895,0.0,0.0,0.0,0.0,0.0,0.0,0.0,0.0,0.0,0.0,0.0,0.0,0.0007519200816370374,9039.886014650847,0.1027483460378188,15.911764705202867,0.0,0.0,0.0,0.0,0.0,0.0,0.0,0.0,0.0006982115043772491,13945.914230268429,0.055558825389965184,12.229118183520127,0.019818465008861915,15817.682812632454,0.08034857971870296,12.153770784134577
C3L-01703,10251,0.0,0.0,0.0,0.0,0.38571846649107405,14939.682021194605,0.09059496448610395,12.389391230541923,0.0,0.0,0.0,0.0,0.0,0.0,0.0,0.0,0.001560823334308848,13043.320391450015,0.05557631741165603,16.832327024546174,9.7551458394303e-05,0.0,7.401486830834377e-17,14.72289861345065,0.0,0.0,0.0,0.0,0.0,0.0,0.0,0.0,0.4004487367086138,12839.653320476398,0.0851601368328188,12.678511578843045,0.21217442200760903,12332.016929267065,0.09161945482764651,12.77661212788247
C3L-01971,4022,0.004724017901541522,1777.6913340245255,0.07061887492695366,16.19888469598996,0.45450024863252114,2275.5329305859436,0.08781596480019842,12.804414661034377,0.07483838886126305,1556.5889778463632,0.13179036375576444,19.556506720398378,0.0,0.0,0.0,0.0,0.21929388363998012,1875.558155942667,0.10622197038290042,16.105789851114263,0.0,0.0,0.0,0.0,0.019393336648433616,1368.1816992967385,0.08471367302581179,19.59112251141718,0.009696668324216808,1866.7072155674505,0.0657808613315044,12.806047692275438,0.0,0.0,0.0,0.0,0.21755345599204376,1946.4671447994183,0.06283165927400147,12.238325455349974
C3L-02109,6460,0.0,0.0,0.0,0.0,0.08885448916408668,12321.355305843648,0.09274788404801164,12.795925520891346,0.0,0.0,0.0,0.0,0.0,0.0,0.0,0.0,0.0006191950464396285,8274.312958488385,0.043156563089133036,16.104398086670237,0.0,0.0,0.0,0.0,0.0,0.0,0.0,0.0,0.0,0.0,0.0,0.0,0.43018575851393187,12295.59054655708,0.07664951369531355,12.644762410180936,0.4803405572755418,12089.980264191536,0.08667129330570938,12.7073945520453
C3L-02112,6899,0.00014494854326714017,0.0,7.401486830834377e-17,15.945266642804564,0.5432671401652414,13102.221620281643,0.1543389685938246,16.19352568754637,0.00014494854326714017,0.0,3.700743415417188e-17,16.591396434013134,0.0,0.0,0.0,0.0,0.04638353384548485,13920.686953279568,0.06389772253701372,13.718893380011252,0.0,0.0,0.0,0.0,0.0,0.0,0.0,0.0,0.0005797941730685607,9073.292999846482,0.03228356356515736,10.946356047775318,0.08247572111900275,14840.665886376983,0.07812016047888483,12.045380003946592,0.3270039136106682,14498.851185157053,0.07732482468283508,11.698385237921238
C3L-02115,18799,0.0005851375073142189,8525.574623596478,0.07587116628908952,16.902448522144436,0.272461301133039,14899.77868190995,0.0971802507377754,12.823250566052135,0.39635086972711314,15482.717657938858,0.14362354240346317,16.104054828478887,0.0,0.0,0.0,0.0,0.07468482366083302,14879.84061963497,0.09932197695276046,14.386026917909234,0.0011702750146284377,10045.25903992005,0.10259173140158852,14.55800228923821,0.01484121495824246,12881.94306424385,0.11527780683340734,16.492536384587428,0.0,0.0,0.0,0.0,0.005479014841214958,11828.398123166906,0.08087979452910522,13.259912867128657,0.23442736315761475,13941.947908588198,0.08899433637443051,12.711288051032456
C3L-02116,6527,0.0009192584648383637,8863.14541599452,0.06878861221587584,16.952561823853245,0.17772330320208365,12606.857886676285,0.0935415835849661,12.721763625974003,0.08411214953271028,13188.00211006883,0.14945913783244735,17.564923491166404,0.0,0.0,0.0,0.0,0.07093611153669373,13101.100426733215,0.1302062891518285,16.300484213281145,0.00015320974413972729,0.0,5.551115123125783e-17,12.165494298639253,0.1616362800674123,13417.969433955399,0.12903649720982324,17.58673097541032,0.0,0.0,0.0,0.0,0.28052704151984065,11766.854570107165,0.08922314413409964,12.783533720415328,0.2239926459322813,11941.08870147718,0.09123751887661265,12.786882429361292
C3L-02118,8337,0.0,0.0,0.0,0.0,0.26292431330214705,15261.05626936192,0.09446731123782554,12.889830138721468,0.018471872376154493,15998.011006556648,0.14330737307510888,17.367170233938726,0.0,0.0,0.0,0.0,0.008636200071968334,15759.221944046374,0.1106091550614678,15.505456148256254,0.0,0.0,0.0,0.0,0.0026388389108792133,17150.879542685274,0.12525429596556772,18.485185229822022,0.0,0.0,0.0,0.0,0.2340170325056975,11497.243772148666,0.07971427059696892,12.651792044562619,0.4733117428331534,14526.623412861107,0.09241190836721579,12.694348420349195
C3L-02463,7617,0.0002625705658395694,384.0,0.03490135941880087,15.964079752386045,0.533543389786005,2952.46077746067,0.1731588294251211,17.455992810248297,0.003938558487593541,594.3483760381987,0.09722786245439463,16.15541197021964,0.0,0.0,0.0,0.0,0.007745831692267297,2142.9672413675708,0.08538826607105206,15.461712494638563,0.0023631350925561244,1752.9084466813895,0.07242438123588697,14.223359044476739,0.0,0.0,0.0,0.0,0.0,0.0,0.0,0.0,0.0,0.0,0.0,0.0,0.4521465143757385,2693.783576144259,0.08519087313323405,12.41454416289598
C3L-02604,1332,0.0,0.0,0.0,0.0,0.09984984984984985,3512.693899260481,0.08432948949581698,12.616351074903745,0.0,0.0,0.0,0.0,0.0,0.0,0.0,0.0,0.01126126126126126,2246.7149806527614,0.07651493238136527,14.898170464923458,0.0,0.0,0.0,0.0,0.0,0.0,0.0,0.0,0.0,0.0,0.0,0.0,0.8761261261261262,2734.3242164861576,0.08643095089120084,13.672336043404366,0.012762762762762763,2762.428764932078,0.08141357566515174,13.207279767528744
C3L-02606,10309,0.0002910078572121447,5506.73680049538,0.0501024703664397,15.385122839055512,0.11009797264526142,14071.119450719094,0.09211893381877513,12.541616595006053,0.0247356678630323,10084.664651428919,0.10041891053771734,16.167528648185566,0.0,0.0,0.0,0.0,0.0240566495295373,9861.455516099066,0.08994395718134172,14.269447267666061,0.0,0.0,0.0,0.0,0.00019400523814142983,11745.5,0.05488597272230056,18.481595428617858,0.0023280628576971578,14138.731712054707,0.059149705496439685,11.837688890898123,0.2095256571927442,15060.75367486927,0.07742870817740373,12.472667326310637,0.6287709768163741,12228.937756519541,0.08392556581043435,12.28672656727892
C3L-02610,9592,0.0,0.0,0.0,0.0,0.31797331109257715,13746.545417315054,0.09927018139164852,12.996904112039305,0.042535446205170975,12360.870784244655,0.11365871971923462,15.427220096946353,0.0,0.0,0.0,0.0,0.03711426188490409,13781.629058064767,0.09481980023785401,14.099043479450343,0.0001042535446205171,0.0,7.401486830834377e-17,14.067904552270425,0.014699749791492911,12049.79588046361,0.10217969963567115,15.995499336179993,0.0,0.0,0.0,0.0,0.12343619683069225,14097.073022530836,0.07326904322258884,12.251586316925838,0.4641367806505421,14754.876267197058,0.08534064775897798,12.437191402887779
C3L-02613,15577,0.0,0.0,0.0,0.0,0.3830005777749246,15824.401176678377,0.14874423829029562,16.88047568607504,0.0,0.0,0.0,0.0,0.0,0.0,0.0,0.0,0.0,0.0,0.0,0.0,6.41972138409193e-05,0.0,3.700743415417188e-17,20.00862309861635,0.0,0.0,0.0,0.0,0.0,0.0,0.0,0.0,0.003145663478205046,6560.9839862285735,0.07731887332927366,12.772629183687402,0.6137895615330294,13239.661592076573,0.09372391356585329,13.62976460433173
C3L-02701,40133,0.0,0.0,0.0,0.0,0.26835771061221436,17460.24615369801,0.12801339943819087,17.240378150794633,0.0,0.0,0.0,0.0,0.0,0.0,0.0,0.0,0.0007724316647148232,13785.141924866099,0.06698810960821482,20.260574254612106,0.0,0.0,0.0,0.0,0.0,0.0,0.0,0.0,0.0,0.0,0.0,0.0,0.0,0.0,0.0,0.0,0.7308698577230708,16116.684940705429,0.10345096434202654,16.647669460430745
C3L-02809,8672,0.0,0.0,0.0,0.0,0.3362546125461255,3187.366566892874,0.10164851687635201,13.461090979916603,0.00011531365313653136,0.0,1.1102230246251565e-16,19.685420097278573,0.0,0.0,0.0,0.0,0.004612546125461255,1978.8440379041954,0.06260464982398466,18.197714541811695,0.0062269372693726935,2430.079192438428,0.09372641170119961,14.535985289450158,0.0,0.0,0.0,0.0,0.0,0.0,0.0,0.0,0.01625922509225092,2199.7228665659154,0.053928827045137906,12.521719885662842,0.6365313653136532,3581.430146209215,0.06769306011029776,12.301369697850902
C3L-02890,10076,0.0,0.0,0.0,0.0,0.6621675267963477,15288.652564348935,0.15558024820983957,16.014646076551596,0.034140531957125846,14301.144096744869,0.0960602255188104,15.902157229172568,0.0001984914648670107,512.0,0.015953838651501278,12.86021029309902,0.026994839221913456,14388.712047622243,0.07415876550970353,14.31852554121051,0.0001984914648670107,13699.5,0.03756890528944775,17.352568648220505,0.0,0.0,0.0,0.0,0.0,0.0,0.0,0.0,0.004366812227074236,11172.574417150114,0.0705870823143105,12.412109852998823,0.2719333068678047,13826.19934286199,0.08314215857577477,12.46657811433759
C3L-02897,3145,0.0,0.0,0.0,0.0,0.3166931637519873,5274.6361548661025,0.0875437881131604,12.788577925991572,0.0,0.0,0.0,0.0,0.0,0.0,0.0,0.0,0.0034976152623211448,1969.9912161527093,0.04779464165566094,16.754180827153956,0.0,0.0,0.0,0.0,0.0,0.0,0.0,0.0,0.0,0.0,0.0,0.0,0.6772655007949125,4428.33644672009,0.07216127227825783,12.120110136684273,0.0025437201907790143,893.1318996515113,0.0348143172817329,12.184696460844966
C3L-02899,11554,0.0,0.0,0.0,0.0,0.2796434135364376,5463.31766382126,0.09438435593224535,13.107126522152958,0.0,0.0,0.0,0.0,0.0,0.0,0.0,0.0,0.020685476891119957,5760.435689194899,0.0859661224291095,14.900269809312357,8.655011251514626e-05,0.0,3.700743415417188e-17,15.953756996798365,0.0,0.0,0.0,0.0,0.005019906525878483,3567.9667340464625,0.07701663032169725,13.297397286605865,0.684005539207201,4618.460345839244,0.08765995549749865,12.430779058868973,0.010559113726847844,6136.67703054799,0.08423102047316848,13.065687092768778
C3L-03123,12023,0.0,0.0,0.0,0.0,0.07294352491058805,14013.654003288051,0.09132822730703129,12.366557669442425,0.05531065457872411,12280.539540797232,0.13967991307947406,16.881058832771927,0.0,0.0,0.0,0.0,0.009149130832570906,12850.077010588251,0.10669438946391907,14.721199512416431,0.0,0.0,0.0,0.0,0.026532479414455627,12667.066289373599,0.1264858771965407,17.267547045227424,0.0,0.0,0.0,0.0,0.14480578890459953,12740.596323317202,0.08047631733729095,12.577513763663116,0.6912584213590618,15548.201783631357,0.08701521713404892,12.902695068160954
C3L-03126,3244,0.0,0.0,0.0,0.0,0.48890258939580766,13445.54273794894,0.09936577153982745,13.359245539532031,0.0009247842170160296,3505.3333333333335,0.027622565160523638,19.20553079781026,0.0,0.0,0.0,0.0,0.012946979038224414,9936.708895318696,0.09094961075162052,16.33704962373901,0.0,0.0,0.0,0.0,0.0,0.0,0.0,0.0,0.0,0.0,0.0,0.0,0.1461159062885327,11020.376687630704,0.08039832023305894,13.309153237308701,0.35110974106041926,11173.98652376424,0.09325834868279799,13.34588141087571
C3L-03129,10364,0.00019297568506368199,1856.0,0.025539787216314596,16.97226585311222,0.5010613662678503,12662.650608936061,0.09544676991364953,13.36736488119269,0.10845233500578927,11862.86499317183,0.11375241260600659,15.295975706395707,0.0,0.0,0.0,0.0,0.07632188344268623,12408.9286101624,0.08502590591395036,13.882631786879523,0.0008683905827865689,12258.269809141855,0.0685692313720845,13.217621369758294,0.0033770744886144344,11504.750586023263,0.10081260077379106,15.75869731187898,0.0,0.0,0.0,0.0,0.07410266306445387,12323.308856452399,0.07200370030280002,12.771365587530402,0.2356233114627557,12510.75545998753,0.08183284499243966,12.484494984477271
C3L-03350,9554,0.0011513502198032238,12246.477371534567,0.10967721439501799,18.034474670661538,0.28783755495080593,16773.747275963105,0.0854209982871204,12.71544523874307,0.05704416998115972,18976.500151315915,0.16519910100714483,18.28713743277105,0.0031400460540087923,13751.979461196572,0.03148225813506419,13.205359646108555,0.033807829181494664,16498.64366716669,0.12668075707295212,16.345420579809453,0.0,0.0,0.0,0.0,0.17291186937408415,17219.893254876933,0.14220385949917555,17.34906550100426,0.0010466820180029307,8653.911697501979,0.04367460922832946,11.480839043155104,0.4395017793594306,16321.9396859721,0.07009385917779738,12.075344092960973,0.0035587188612099642,15709.939646670246,0.08221859210914158,12.887601861037105
C3L-03356,16430,0.0,0.0,0.0,0.0,0.3608034083992696,15673.18120171559,0.09743572109994099,12.754144197656688,0.042361533779671334,17228.10991714721,0.14806825552931416,16.835850033656907,0.0,0.0,0.0,0.0,0.0714546561168594,15400.562771691884,0.11549204807336978,14.611385129382644,0.005051734631771151,12207.773115951113,0.07735789497911423,13.953773228823618,0.06768107121119903,14918.853680811091,0.1396541609269842,17.138984871099943,0.0,0.0,0.0,0.0,0.39306147291539867,13833.54161577465,0.08392892487524221,12.105846052903729,0.059586122945830794,14102.765636590004,0.08688201990097544,12.324918904375236
C3L-03371,21959,0.00027323648617878776,3698.7879011143887,0.1241597105076447,19.569532427341915,0.08716243909103329,6825.335172037766,0.12094359626508204,14.819062768561047,0.0,0.0,0.0,0.0,0.0,0.0,0.0,0.0,0.16016212031513274,6078.6756240607465,0.125400319145808,16.101351527521228,0.21458172047907464,6280.732129059946,0.12449410262591369,15.010747859440569,0.4132701853454165,5860.762921191303,0.09722175068083201,18.935070802443335,0.0,0.0,0.0,0.0,0.12432260121134842,4786.256609992653,0.08245156638742539,13.42463376542698,0.00022769707181565646,6138.106542583185,0.05868038172420729,13.36569592896728
C3L-03388,10354,0.0,0.0,0.0,0.0,0.29891829244736334,5277.0666546852935,0.10124666445120001,14.075715099477831,0.03003670079196446,7525.570872305153,0.15399570740200907,17.867683359197088,0.0,0.0,0.0,0.0,0.01419741162835619,6398.692125165694,0.12306684010433666,15.939875464857248,0.0,0.0,0.0,0.0,0.3654626231408151,5302.007991978656,0.15001204024355919,17.38854199531652,0.0,0.0,0.0,0.0,0.18137917712961174,5754.068063357823,0.08611380361712268,14.111638832616551,0.11000579486188912,6717.724968011244,0.08821827703336632,14.230024924545505
C3L-03394,6614,0.0012095554883580285,2439.0970100122613,0.08310784075620063,17.70539105133839,0.3813123677048685,4373.729349090757,0.11419787341980688,13.913589966080837,0.04429996976111279,2640.463496572992,0.16349272968350012,20.450067391253768,0.0,0.0,0.0,0.0,0.04747505291805262,3409.853309813651,0.14377948087682269,17.353501719435144,0.0,0.0,0.0,0.0,0.031750831569398244,2653.4777416111087,0.1414069745279294,19.833820660772567,0.0,0.0,0.0,0.0,0.31902026005443,3094.221712086221,0.07770818599809463,12.185559927495092,0.17493196250377985,3641.559084985224,0.07138364781188475,11.870733661034501
C3L-03395,15541,0.0,0.0,0.0,0.0,0.06846406280162151,6335.449631055569,0.10190121715867177,14.13033903682099,0.0,0.0,0.0,0.0,0.0,0.0,0.0,0.0,0.16755678527765266,5527.309489872109,0.12131349897362009,15.51352716659534,0.3345344572421337,5947.429664102477,0.09678345551274432,14.082825656702063,0.2349269673766167,6028.1789909408135,0.09504180849796118,18.30522113657233,0.005533749436973168,5841.652535174869,0.08527717128730243,13.723088862365033,0.1790103596937134,4206.231263078824,0.08116341709251783,13.487015233743325,0.00997361817128885,4492.545902714395,0.08072934300607572,13.501055171228199
C3L-03624,12109,0.0002477496077297878,4465.333333333333,0.10068119603777277,19.236167769521742,0.2005120158559749,15844.27019366789,0.09895968625527811,12.960689757246772,0.31522008423486664,15070.74340500578,0.1574875689815157,17.178767142856074,0.0,0.0,0.0,0.0,0.10388966884135767,15891.968080465354,0.11685431434512406,14.69781702744608,0.005450491370055331,12292.915594933844,0.06670393297443677,14.460141954158427,0.19266661161119827,16003.206801202523,0.13990601118591717,17.16742693945464,0.0,0.0,0.0,0.0,0.10785366256503427,15376.45303198059,0.08466683725301427,12.294663481205056,0.07415971591378313,11902.477365270232,0.08577461709951144,12.763343928376464
C3L-03628,13961,0.0,0.0,0.0,0.0,0.2089391877372681,14035.53720355638,0.16632073703758815,17.690714530304668,0.0,0.0,0.0,0.0,0.0,0.0,0.0,0.0,0.027505193037748014,13813.103290717163,0.07861813083881099,15.011929508123265,0.0,0.0,0.0,0.0,0.0,0.0,0.0,0.0,0.0002865124274765418,1019.5897846528095,0.05668770680721752,12.051136750677504,0.15392880166177209,14817.190237879913,0.08645018199931447,12.744083421313615,0.6093403051357352,13758.601290022576,0.09136706240605545,12.982704728948988
C3L-03630,6627,0.0007544892108042855,15351.942348719744,0.07781079389751033,19.957599879781487,0.16930737890448166,14804.060514866256,0.10254700279765523,13.138552238819562,0.058397464916251696,15016.003916709615,0.1563163262660975,19.4523458166106,0.0,0.0,0.0,0.0,0.09144409234947941,14083.2011502667,0.13430725871532723,16.724250504860603,0.0,0.0,0.0,0.0,0.12750867662592424,14169.547956703536,0.1467449301142365,19.14831154520427,0.0,0.0,0.0,0.0,0.11317338162064282,14621.067230192353,0.07797543723186312,12.301974436394225,0.43941451637241585,13584.86923269967,0.09179062683614714,12.932397018234042
C3L-03632,5012,0.0,0.0,0.0,0.0,0.10674381484437351,14382.564082399753,0.08366529790673073,12.151106404973063,0.11193136472466081,13894.865427915856,0.181020159516044,18.19940025104785,0.0,0.0,0.0,0.0,0.07501995211492418,15967.422181332277,0.1325651095605536,15.752655496088597,0.0,0.0,0.0,0.0,0.17498004788507582,15727.065242271647,0.15798450295201774,17.82509375137709,0.0,0.0,0.0,0.0,0.04808459696727853,9540.869620687768,0.06629411582310772,12.190793909357797,0.48324022346368717,13465.385887851515,0.08144493697266147,12.413796259780431
C3L-03635,13949,0.0,0.0,0.0,0.0,0.08660119004946591,16642.620126441387,0.11954899674641835,14.098568822218173,0.0,0.0,0.0,0.0,0.0,0.0,0.0,0.0,0.0001433794537242813,6225.75,0.02036018064311355,14.179775207834766,0.0,0.0,0.0,0.0,0.0,0.0,0.0,0.0,0.0005735178148971252,1255.948822117609,0.04310682007774239,12.319867983514921,0.887303749372715,15043.560610021808,0.07738663712883988,12.517884078881282,0.02537816330919779,14393.375481297393,0.08845504281665074,13.229465492448192
C3L-03639,16784,5.958055290753098e-05,0.0,3.700743415417188e-17,15.493857836487978,0.06381077216396568,12836.344823189971,0.08654366908876147,12.631493199664533,0.10754289799809343,11746.692498653563,0.14113410912032898,16.017622719720563,0.0,0.0,0.0,0.0,0.04909437559580553,12459.280978169503,0.09149749842385535,14.791759748731726,5.958055290753098e-05,0.0,7.401486830834377e-17,14.714978680926539,0.021508579599618684,10014.237454933333,0.11083309037225468,16.25611172313325,0.0,0.0,0.0,0.0,0.020138226882745473,10247.796878003768,0.07199413781072038,12.829377969405257,0.7377859866539561,13501.913171399949,0.0783767408323533,13.533195247625901
C3L-03743,10899,0.0005505092210294523,1172.8252866615117,0.06712828260005228,16.353940599585076,0.14680245894118726,3323.481414053298,0.17735701299691023,20.413762398018445,0.0009175153683824204,625.6680719717549,0.07210544285280258,18.809443179244933,0.0,0.0,0.0,0.0,0.020919350399119185,2772.2137230221088,0.10397922921481724,15.68826553119947,0.3636113404899532,3395.5683878057093,0.14967294315418425,17.226447279126003,0.0,0.0,0.0,0.0,0.0,0.0,0.0,0.0,0.0011010184420589045,399.12296490781387,0.0677067122383616,13.563280708729188,0.4660978071382696,4201.4707191730695,0.07585478503637282,13.43126504768959
C3L-04027,36296,2.7551245316288297e-05,0.0,7.401486830834377e-17,19.54494066542293,0.006777606347806921,12435.254653532142,0.16203170982739887,16.701098029230863,0.0,0.0,0.0,0.0,0.0,0.0,0.0,0.0,0.1753912276834913,13655.032993628382,0.11363253419513249,17.826468752104635,0.8039728895746088,13474.238807903243,0.13388344369772495,16.73455588439484,0.0033337006832708837,11400.556958123265,0.0778417112025555,20.54205269297149,0.00551024906325766,11753.274356293781,0.10299171870389702,15.108981806767838,0.004297994269340974,3912.0309381527677,0.0662361862839528,13.756435585585308,0.0006887811329072074,3402.57181252287,0.07585900123462647,14.150050224798456
C3L-04072,1438,0.0,0.0,0.0,0.0,0.24339360222531292,1858.2426379711978,0.086121056811,13.083939812358443,0.327538247566064,2051.6340780498717,0.11622650773733086,16.954110868179463,0.0,0.0,0.0,0.0,0.0702364394993046,2335.213157382732,0.08196912777796524,14.81676392049772,0.0,0.0,0.0,0.0,0.0,0.0,0.0,0.0,0.0,0.0,0.0,0.0,0.0,0.0,0.0,0.0,0.3588317107093185,1941.1786422593016,0.08781704361479194,12.711134817663998
C3L-04080,5094,0.0,0.0,0.0,0.0,0.6175893207695328,3959.179259799077,0.18217225273119053,18.68383481269228,0.0,0.0,0.0,0.0,0.0,0.0,0.0,0.0,0.002944640753828033,875.7647367906314,0.05933680035216884,14.505638654605985,0.0,0.0,0.0,0.0,0.0,0.0,0.0,0.0,0.0,0.0,0.0,0.0,0.2828818217510797,2444.150107901164,0.08047464915252628,12.614370686978832,0.09658421672555949,2237.988424544023,0.08870628566596317,13.455242933589211
C3L-04473,12219,0.0,0.0,0.0,0.0,0.05900646534086259,10973.699554220395,0.08435472574153097,11.931836587412056,0.05033145101890498,13465.832464273,0.15455454784475764,17.701101754196632,0.0,0.0,0.0,0.0,0.023979049022014896,11646.96968920405,0.11533695050236442,14.69526238968873,0.00040919878877158526,4401.998277488945,0.05778629841706564,12.560808271897482,0.19797037400769293,13141.993765202478,0.1281120078236014,16.738227603557437,0.0,0.0,0.0,0.0,0.03527293559211065,6792.734157100727,0.0777974435707034,11.936749303979877,0.6330305262296424,11355.947395533602,0.08353986805302592,12.097750617096498
C3L-04475,14861,0.0,0.0,0.0,0.0,0.46827265998250456,16459.662033632627,0.15337410352282757,15.683918502587435,0.0,0.0,0.0,0.0,0.0,0.0,0.0,0.0,0.0008747728954982841,9398.296122095306,0.05242840824138147,14.261707454328802,0.003633672027454411,13884.343774248659,0.07166337785970674,13.230214170824889,0.0,0.0,0.0,0.0,6.729022273063724e-05,0.0,5.551115123125783e-17,14.049798236394752,0.49592894152479644,15063.152190153824,0.08748147356550882,12.668275779456966,0.031222663347015678,10386.80535370496,0.09140442554050915,13.121476859683856
C3L-04479,9094,0.00010996261271167803,0.0,7.401486830834377e-17,19.607222580313373,0.3627666593358258,11567.779164483192,0.10756440299958547,14.304490917350746,0.13195513525401364,12995.693843793439,0.1621981746689991,18.39254272864789,0.0,0.0,0.0,0.0,0.026061139212667693,13959.25518041687,0.11796315114837252,15.858651882831982,0.00021992522542335605,1024.0,0.05094007384047933,14.252573070940105,0.302946998020673,13382.295312977343,0.14833283481221127,17.759997297069145,0.0,0.0,0.0,0.0,0.030899494171981526,10972.133211418002,0.07824339798055759,12.976296056779097,0.14504068616670332,11612.132350060827,0.08528021457511703,12.938227186372563
C3L-04495,2521,0.0003966679888932963,0.0,3.700743415417188e-17,15.243312969527329,0.09996033320111067,2299.0151477160525,0.09531705041828757,12.801367020044191,0.16501388337961126,1407.9552250403865,0.17806310243556508,19.201465553531026,0.0,0.0,0.0,0.0,0.08369694565648553,1786.7701221939374,0.08711709590883925,14.024534497044343,0.0,0.0,0.0,0.0,0.007140023800079333,1646.1743013934354,0.1373491137942329,19.516906810356378,0.026180087266957558,1550.4793158450025,0.06709608405018387,12.425859187960317,0.2689408964696549,1760.7447688514449,0.07014456640060172,12.225758917225237,0.34867116223720745,2425.210263638937,0.07637466591030444,12.257470662067938
C3L-04848,2285,0.01400437636761488,16363.654110060044,0.09304079421615503,17.191860459284456,0.137417943107221,11506.587118390344,0.08960423864196858,13.67703994380102,0.0,0.0,0.0,0.0,0.0,0.0,0.0,0.0,0.07133479212253829,15772.67308548549,0.10786457272304428,16.45972975212653,0.5365426695842451,11731.499768474838,0.08992377416894827,14.103261535676024,0.16980306345733043,15960.975669404583,0.10245190906980779,18.253403498195027,0.011378555798687089,10513.846418173915,0.08146684973700426,14.23928381200787,0.022319474835886213,10812.990922116263,0.08210161384341735,13.756769289243573,0.037199124726477024,11478.485102667175,0.08012414070992491,13.576525201314558
C3L-04853,1484,0.004043126684636119,759.5719418082259,0.0898287397515775,17.93409481221114,0.11253369272237197,1497.8183239438138,0.09893984897713955,13.822577107936329,0.009433962264150943,664.4992264324062,0.119452720479077,19.568353941420405,0.0,0.0,0.0,0.0,0.32816711590296493,1333.364973180453,0.12285819121809687,16.125597554456952,0.38477088948787064,1624.0799335341899,0.09990917106248531,14.09313870902162,0.016846361185983826,707.4245865671098,0.10051049924235585,18.946863470961446,0.0,0.0,0.0,0.0,0.09568733153638814,1633.5589794938046,0.0859316875648598,13.826115787746199,0.04851752021563342,1984.753255360413,0.0899046264212189,14.075499784403524
C3N-00198,19040,0.0,0.0,0.0,0.0,0.2330357142857143,15740.014993709323,0.10130050332765143,13.29935518181078,0.0,0.0,0.0,0.0,0.0,0.0,0.0,0.0,0.003203781512605042,13831.660949004217,0.06417981131913064,17.787867863163303,0.0,0.0,0.0,0.0,0.0,0.0,0.0,0.0,0.0,0.0,0.0,0.0,0.7636554621848739,15829.25570697624,0.08315610098550387,12.786363708898172,0.0001050420168067227,1792.0,0.04003180107258597,12.678249656580892
C3N-00249,9494,0.0,0.0,0.0,0.0,0.21424057299346955,12189.001328449805,0.09563557425197304,13.107842409835866,0.002633242047609016,8300.080338171229,0.14610788804873698,19.779644501711847,0.0,0.0,0.0,0.0,0.05561407204550242,10434.092251413067,0.1325585637437748,16.51983760848304,0.0016852749104697704,968.081292370128,0.03886218644302467,14.604517017258061,0.17274067832315146,10071.789124830606,0.11489014275814861,17.180804656871842,0.0049504950495049506,9080.143455385625,0.07623021787416974,12.867620489885104,0.5480303349483885,11620.567660657623,0.08053417933259652,12.674135718225232,0.00010532968190436065,0.0,3.700743415417188e-17,14.641369866789809
C3N-00302,75410,0.0,0.0,0.0,0.0,0.34860098130221456,14995.85412878042,0.11415855589787043,14.47435981692242,0.0,0.0,0.0,0.0,0.636706007160854,15612.70696015451,0.0709981132591717,14.055387406330663,1.3260840737302746e-05,0.0,7.401486830834377e-17,20.05025385935319,0.0014984750033152103,9906.393823737684,0.08516326252792383,16.03439743798197,0.0,0.0,0.0,0.0,0.012478451133801883,8098.289773457381,0.06601437144076296,14.821791787202441,0.0,0.0,0.0,0.0,0.0007028245590770455,13218.89303257891,0.07247373799613259,14.084674476425198
C3N-00303,54928,1.8205651034080977e-05,0.0,1.4802973661668753e-16,22.347587930040007,0.3352934750946694,15573.264204577821,0.11920754430067022,14.754586750838506,0.0,0.0,0.0,0.0,0.6558221672006991,15345.99141660154,0.07265630949354385,14.124920440052072,1.8205651034080977e-05,0.0,1.1102230246251565e-16,20.715272067996576,0.0015110690358287212,2761.627862883218,0.06377116964226544,17.94288013975171,0.0,0.0,0.0,0.0,0.004824497524031459,12016.747243715028,0.08198733900421713,14.564926701754834,3.6411302068161955e-05,0.0,0.02861683618275553,12.706100437308756,0.002475968540635013,15844.322879324554,0.06831229957786027,14.701842460461535
C3N-00436,4414,0.1393294064340734,11645.348858711124,0.08545384642518307,13.615832396450735,0.07023108291798821,8673.261878328743,0.0925729496656879,12.680973306100114,0.0033982782057091075,9181.184154362949,0.09520982638517912,17.883847710111336,0.0,0.0,0.0,0.0,0.016311735387403714,11705.804216569139,0.0873184167524756,15.029776829260804,0.0,0.0,0.0,0.0,0.0,0.0,0.0,0.0,0.7512460353420933,9127.519113072587,0.07324149615112521,11.281089765699376,0.0015858631626642502,4845.2126399201725,0.05741357900499857,12.27506242667485,0.017897598550067964,2914.0199018331978,0.05360463809927529,12.077399953838288
C3N-00511,4695,0.14185303514376996,11738.342894379173,0.0761504705613792,12.907249035627318,0.031096911608093716,11006.961267337398,0.0862928167348016,12.570604556108478,0.0008519701810436634,2391.1285187189133,0.05291725337217523,16.22801396254259,0.0,0.0,0.0,0.0,0.01597444089456869,12010.672170099331,0.0796160300708338,14.188524331199517,0.0,0.0,0.0,0.0,0.0,0.0,0.0,0.0,0.7714589989350372,11347.059249090727,0.0738908346436299,11.122444485332414,0.03578274760383387,9688.40052283179,0.05757240191191872,14.500651345353782,0.002981895633652822,471.7647410995622,0.08153046830828974,13.060901831907385
C3N-00512,2052,0.5428849902534113,5894.044598335136,0.06940197708849105,11.980954700011685,0.043859649122807015,6497.831003187554,0.09986065034377206,13.36760952670792,0.0,0.0,0.0,0.0,0.0,0.0,0.0,0.0,0.00341130604288499,5493.418000931168,0.06408581952129178,13.97058230880953,0.0,0.0,0.0,0.0,0.0,0.0,0.0,0.0,0.40692007797270957,7294.3394482524955,0.07027922910441846,11.07156230809258,0.0029239766081871343,4518.169402923329,0.04079179269816966,12.799522976890671,0.0,0.0,0.0,0.0
C3N-00513,1988,0.41901408450704225,7314.081769603684,0.07541951998809009,11.7999915374721,0.047283702213279676,6578.135707875601,0.08091084957529716,12.976169430058969,0.0,0.0,0.0,0.0,0.0,0.0,0.0,0.0,0.02716297786720322,5354.470886425215,0.062448921240110276,14.200545237213552,0.0,0.0,0.0,0.0,0.0,0.0,0.0,0.0,0.505533199195171,5467.968846537796,0.0762056624779703,11.40626940567256,0.001006036217303823,128.0,0.017219733977224465,13.43020310009204,0.0,0.0,0.0,0.0
C3N-00514,3011,0.046496180670873466,6970.488647536911,0.06433900057738744,14.290279484899298,0.011291929591497841,7921.788723420427,0.0590177756566003,12.569906842942446,0.0,0.0,0.0,0.0,0.0,0.0,0.0,0.0,0.027897708402524077,6640.387408357436,0.05255316453597322,15.342133034807997,0.0,0.0,0.0,0.0,0.0,0.0,0.0,0.0,0.9143141813351047,9877.648936448888,0.06460060454302573,10.493026739870677,0.0,0.0,0.0,0.0,0.0,0.0,0.0,0.0
C3N-00516,2993,0.0,0.0,0.0,0.0,0.0420982292014701,6839.125510298066,0.0919200994361563,13.298372692877708,0.0,0.0,0.0,0.0,0.0,0.0,0.0,0.0,0.0,0.0,0.0,0.0,0.0,0.0,0.0,0.0,0.0,0.0,0.0,0.0,0.9535583027063147,7204.538421079709,0.08397190690939445,12.223745497457417,0.001670564650851988,838.4855430410819,0.031903029782784996,13.68138122440384,0.0026729034413631807,4682.427946989749,0.04730738956187985,13.438967594429648
C3N-00517,2713,0.2421673424253594,8460.927729514691,0.05961276016352598,12.956210444282432,0.014006634721710284,7078.895609735153,0.07813754338300206,12.228876075009007,0.0,0.0,0.0,0.0,0.0,0.0,0.0,0.0,0.003685956505713233,7160.126321413934,0.05327088369720331,14.437517036627458,0.0,0.0,0.0,0.0,0.0,0.0,0.0,0.0,0.7401400663472171,8185.968480537685,0.07509809119685755,11.291247311424156,0.0,0.0,0.0,0.0,0.0,0.0,0.0,0.0
C3N-00518,4380,0.0036529680365296802,9856.426004373181,0.05606350167699844,14.657287396729755,0.11529680365296803,7085.708175745107,0.09047580183088666,14.110752101828647,0.0,0.0,0.0,0.0,0.001141552511415525,2542.378889544324,0.034744436589693874,13.920424173780589,0.0013698630136986301,9227.02509627336,0.0409872737877936,14.42696446560197,0.0,0.0,0.0,0.0,0.0,0.0,0.0,0.0,0.8764840182648402,7983.813916359657,0.07443356084484089,11.161710016454938,0.0,0.0,0.0,0.0,0.002054794520547945,5551.709074529171,0.08551022542853563,13.549596076475833
C3N-00709,4617,0.00043318171973142733,2496.0,0.0939319374834205,20.463308055660498,0.3424301494476933,3953.8013223978305,0.10028894014439475,13.20091941401554,0.1585445094217024,4222.914012673569,0.17116688821740353,18.86576188591658,0.0,0.0,0.0,0.0,0.050032488628979854,3846.56595256802,0.1380649278540441,16.54924711889223,0.000649772579597141,5000.032659631388,0.08092254837012376,15.376635778911265,0.18648473034437946,3638.54244447194,0.160214319990767,18.697455619607304,0.00021659085986571366,0.0,0.0,15.700029747731397,0.2111760883690708,2813.900302071547,0.08276318627081333,12.87517866840836,0.050032488628979854,2269.198324945588,0.09187501629373594,14.206174746405187
C3N-00954,26564,0.0,0.0,0.0,0.0,0.3229558801385334,14370.414528928477,0.11984137984928629,14.088938094884771,0.0,0.0,0.0,0.0,0.0,0.0,0.0,0.0,0.010314711639813281,15937.474405818244,0.07410755566536825,14.059610920646653,0.0,0.0,0.0,0.0,0.0,0.0,0.0,0.0,0.00011293479897605783,219.98382716360686,0.0178696453776462,14.451074510879232,0.6666164734226773,15824.939234144267,0.0719365361929984,12.259809804543343,0.0,0.0,0.0,0.0
C3N-00957,11954,0.0,0.0,0.0,0.0,0.1956667224360047,13470.24806008268,0.08983513495549779,12.548691373949195,0.010122134850259328,9564.81756221992,0.14737759225676283,18.939984414288812,0.0,0.0,0.0,0.0,0.02768947632591601,11102.813594262161,0.12482029701237503,16.147069911357452,0.0,0.0,0.0,0.0,0.18119457922034465,11069.923024375945,0.14520050020010913,17.38727655810384,0.0008365400702693659,2790.6357511686006,0.05808525413355647,12.733429753750261,0.5838213150409904,13443.216965525937,0.0888997142441873,12.860176228222521,0.0006692320562154927,1481.4069542600735,0.05981119024559709,12.400123694135138
C3N-01011,14629,0.0,0.0,0.0,0.0,0.455191742429421,12093.248469296617,0.09251618800895396,12.903793570643483,0.0015722195638799646,9224.42764734023,0.10435054236551237,17.722934367147563,0.0,0.0,0.0,0.0,0.11627589035477476,11927.174488898036,0.09099232255869438,14.54551968721923,0.0,0.0,0.0,0.0,0.004374871829926858,9150.389502513834,0.09494414556924184,17.233350878738307,0.0001367147446852143,0.0,0.04513510862411915,12.639770548236537,0.4224485610773122,12057.356938748431,0.0792683012272644,12.651644164704528,0.0,0.0,0.0,0.0
C3N-01012,4921,0.003657793131477342,7834.931489174678,0.08319824602196794,16.235044537001336,0.21621621621621623,10188.511810783484,0.08225117811807918,12.814341597967399,0.004470636049583418,9571.938714024283,0.10481851767330881,17.1415478157156,0.0,0.0,0.0,0.0,0.33224954277585855,10837.866782313786,0.09620011411436213,14.578688803329694,0.0,0.0,0.0,0.0,0.18349928876244664,10748.109321784244,0.09549219521245282,15.79216440819634,0.0877870351554562,8745.78669362002,0.06427665095129866,11.948853957694864,0.1721194879089616,9744.552917335446,0.062427736013249656,12.074321689432068,0.0,0.0,0.0,0.0
C3N-01165,1724,0.05336426914153132,10275.57376340822,0.07031088457880608,17.031116083374748,0.27262180974477956,10365.955700524048,0.09816325821593448,13.476630711326294,0.008700696055684454,5610.148925087287,0.05643731635366759,20.11354203188507,0.0,0.0,0.0,0.0,0.020301624129930394,10971.246906628388,0.07761866986454362,18.221850297579994,0.0,0.0,0.0,0.0,0.0,0.0,0.0,0.0,0.1919953596287703,10153.822809590067,0.08274678439491123,13.21065846833657,0.0,0.0,0.0,0.0,0.45301624129930396,4202.075632474535,0.08637181674377871,12.843986048753955
C3N-01166,2305,0.004338394793926247,9071.719946659457,0.07503696550755971,15.15372494365803,0.23947939262472884,9780.961093791144,0.09252609730309376,13.009092594069397,0.0021691973969631237,9387.751747824641,0.07149654274959527,16.526378625487684,0.0,0.0,0.0,0.0,0.03644251626898048,9834.944209153662,0.07727852658822627,14.905481204523642,0.0008676789587852494,8606.75,0.05633178850422116,14.24580480531342,0.0,0.0,0.0,0.0,0.17310195227765726,7406.777563737786,0.06892621259645536,11.479826344939749,0.009978308026030369,9918.958210841536,0.04800439022936429,14.50389299860585,0.5336225596529284,9797.318297391681,0.0799916970704218,12.12009990856108
C3N-01167,2241,0.0,0.0,0.0,0.0,0.17804551539491298,10673.25293948209,0.12051569383251044,15.5106156509122,0.0,0.0,0.0,0.0,0.0,0.0,0.0,0.0,0.000892458723784025,6493.5,0.022302595628528283,15.267102240695543,0.0,0.0,0.0,0.0,0.0,0.0,0.0,0.0,0.42347166443551987,10954.656906991522,0.08032282086557728,12.421168677638438,0.006247211066488175,832.4264059461733,0.04772452880096176,12.819314828251422,0.39134315037929496,9563.706077469082,0.08705676161912161,12.73988014236765
C3N-01168,2237,0.002235136343316942,5689.890811993816,0.052232613292760556,16.694589787816103,0.04023245417970496,8690.131265750157,0.08411686106428744,13.431564616718171,0.0,0.0,0.0,0.0,0.0,0.0,0.0,0.0,0.005364327223960662,6400.65111876994,0.056784819465267,15.883964632272487,0.0,0.0,0.0,0.0,0.0,0.0,0.0,0.0,0.08314707197139025,8026.861186065625,0.07341770754064048,12.240013029743308,0.0,0.0,0.0,0.0,0.8690210102816271,8879.149612545672,0.08205749983023952,12.64024337262292
C3N-01169,2283,0.22032413491020586,16545.669163373947,0.09064722508329733,14.631064951717295,0.45466491458607095,19768.82708668859,0.12962461012014193,14.999884637691766,0.0346035917652212,13716.944910222295,0.07800294873852424,16.754171749867563,0.0,0.0,0.0,0.0,0.024967148488830485,16383.689816645061,0.07913975433041147,14.83452380476435,0.0,0.0,0.0,0.0,0.0,0.0,0.0,0.0,0.07665352606219886,15269.043805629057,0.07836545977786674,13.094363743245786,0.0,0.0,0.0,0.0,0.18878668418747263,16049.087004618079,0.07948196857317291,12.519166839755984
C3N-01375,2900,0.0034482758620689655,14337.699242768544,0.057017023039935555,15.777410293535784,0.043448275862068966,13963.14151367384,0.08156688491190771,12.36788743879359,0.0,0.0,0.0,0.0,0.0,0.0,0.0,0.0,0.005172413793103448,10875.321809380826,0.0744180503375806,16.529055705426714,0.0,0.0,0.0,0.0,0.0,0.0,0.0,0.0,0.463448275862069,12316.643699256254,0.07457061355267434,12.00439897845541,0.000689655172413793,0.0,0.07222107926280497,14.492702694066516,0.48379310344827586,11891.356934099102,0.08262112592422273,12.503379973944476
C3N-01378,2034,0.0,0.0,0.0,0.0,0.06489675516224189,13619.148777052405,0.0724599770474949,12.566118546577748,0.0,0.0,0.0,0.0,0.0,0.0,0.0,0.0,0.0,0.0,0.0,0.0,0.0,0.0,0.0,0.0,0.0,0.0,0.0,0.0,0.9085545722713865,13282.661432677001,0.06065099645002564,10.967332355977717,0.0004916420845624386,0.0,3.700743415417188e-17,14.66264631204713,0.026057030481809244,13729.103576276759,0.07036835200552786,13.368286676821096
C3N-01379,4493,0.04518139327843312,11417.068669679633,0.07068206205271155,15.08339347606799,0.08791453371911863,12805.686011400581,0.08526745949233318,12.660661197741987,0.016692632984642776,7972.573887736502,0.06459013653523567,16.741608426351203,0.0,0.0,0.0,0.0,0.08947251279768528,10223.334807933072,0.06725512180185415,15.568636539357252,0.0,0.0,0.0,0.0,0.0,0.0,0.0,0.0,0.1767193411974182,11960.490660618612,0.07866971793770831,12.953854158729534,0.0,0.0,0.0,0.0,0.584019586022702,11934.863861904414,0.0870273449944846,13.330492750116846
C3N-01380,2689,0.04908888062476757,13021.40232171007,0.06654120757971631,14.033647908476727,0.031238378579397545,12015.376485714996,0.07527173387939669,12.103956448608276,0.0007437709185570844,832.0,0.022687212674145307,15.116033108875028,0.0,0.0,0.0,0.0,0.008181480104127928,9969.672190738076,0.0631185721303656,14.637895384901007,0.0,0.0,0.0,0.0,0.0,0.0,0.0,0.0,0.8995909259947936,12585.252817324817,0.0671871699814632,11.337265408062125,0.0,0.0,0.0,0.0,0.011156563778356266,11422.163847961363,0.06305315207788313,11.883387157909445
C3N-01381,4337,0.035047267696564445,14865.174545021007,0.07121600800148431,14.525082553736578,0.03251095227115518,18630.684844292457,0.088705658201983,12.918308467927142,0.006686649757897164,11042.246781822054,0.0632192369728803,17.126137179964143,0.0,0.0,0.0,0.0,0.040811620936130964,15037.99052700328,0.07029436987852104,15.819060556710916,0.0,0.0,0.0,0.0,0.0,0.0,0.0,0.0,0.0977634309430482,15736.842557602373,0.07970934656676464,12.59760602203902,0.0,0.0,0.0,0.0,0.7871800783952041,13242.11735500766,0.08218055402212439,12.570612769148111
C3N-01382,3492,0.19644902634593356,17316.50826292611,0.08120245183156216,14.1621661675457,0.08333333333333333,16768.255657733607,0.09371772710126192,12.922564134348365,0.0429553264604811,10087.064574409007,0.08599623214466028,16.245613174447694,0.0,0.0,0.0,0.0,0.08132875143184422,16505.24987666387,0.08510258913840285,14.633131415452233,0.0,0.0,0.0,0.0,0.0,0.0,0.0,0.0,0.07646048109965636,11932.33279021353,0.07961854189651285,12.302775328828043,0.0,0.0,0.0,0.0,0.5194730813287515,16161.31782308538,0.08379661092374997,12.388850826530197
C3N-01383,2202,0.0,0.0,0.0,0.0,0.039509536784741145,7037.527088763164,0.07662074973101803,12.794396443892078,0.0,0.0,0.0,0.0,0.0,0.0,0.0,0.0,0.0,0.0,0.0,0.0,0.0,0.0,0.0,0.0,0.0,0.0,0.0,0.0,0.057674841053587646,5053.427328839925,0.06608498453867513,11.865704818530746,0.0,0.0,0.0,0.0,0.9028156221616712,6888.695778981316,0.07338049639534759,12.262595768591456
C3N-01388,2234,0.0,0.0,0.0,0.0,0.03491495076096687,12659.96173706445,0.06735308852937465,11.861778967167009,0.0,0.0,0.0,0.0,0.0,0.0,0.0,0.0,0.0,0.0,0.0,0.0,0.0,0.0,0.0,0.0,0.0,0.0,0.0,0.0,0.6539838854073411,12628.04857613441,0.07011911711677893,11.61370689921342,0.0008952551477170994,3011.0,0.04165792125165257,12.078244612692595,0.3102059086839749,12236.738319545468,0.06969555057061183,12.134617205853985
C3N-01389,2743,0.0,0.0,0.0,0.0,0.14910681735326284,16577.204411208364,0.09217033715766372,13.978484093411254,0.0,0.0,0.0,0.0,0.0,0.0,0.0,0.0,0.0,0.0,0.0,0.0,0.0,0.0,0.0,0.0,0.0,0.0,0.0,0.0,0.10462996718920889,12925.772439600325,0.06787374748947288,11.785370705455517,0.0,0.0,0.0,0.0,0.7462632154575283,15274.805836114587,0.07602030807244817,12.333837723536638
C3N-01502,1896,0.007383966244725738,9682.250199451668,0.08764002123191594,16.50464767945831,0.5042194092827004,10290.159537731597,0.09197022663601866,13.035284043207536,0.002109704641350211,1601.7126489027544,0.09022618297123934,17.155793620398935,0.0,0.0,0.0,0.0,0.08333333333333333,10121.572734622978,0.10320801930711655,15.745119016923182,0.0,0.0,0.0,0.0,0.09968354430379747,9925.110597522871,0.11139601190243538,18.048549226957775,0.0005274261603375527,0.0,3.700743415417188e-17,13.318827782360382,0.3027426160337553,9396.663988718858,0.07325569370740158,12.50455240364937,0.0,0.0,0.0,0.0
C3N-01714,957,0.0,0.0,0.0,0.0,0.01567398119122257,12668.939832062748,0.05974655960297193,11.51468752410835,0.0,0.0,0.0,0.0,0.0,0.0,0.0,0.0,0.0,0.0,0.0,0.0,0.0,0.0,0.0,0.0,0.0,0.0,0.0,0.0,0.9791013584117032,14292.047376133907,0.06363152745135381,10.63588450340923,0.0041797283176593526,10733.170215642584,0.06247372462102829,12.8523069886608,0.0010449320794148381,0.0,1.850371707708594e-17,12.116103698035094
C3N-01715,2717,0.0,0.0,0.0,0.0,0.043798306956201696,7743.6246746909255,0.08425772760116723,13.065953107078235,0.0,0.0,0.0,0.0,0.0,0.0,0.0,0.0,0.0,0.0,0.0,0.0,0.0,0.0,0.0,0.0,0.0,0.0,0.0,0.0,0.9536253220463746,9731.62682257496,0.07748983774588815,11.699419039714279,0.0,0.0,0.0,0.0,0.002576370997423629,2082.6072317581697,0.05702763479552301,14.38389300040214
C3N-01716,2282,0.02147239263803681,13052.547923974103,0.05309660210113685,13.840881042862515,0.05127081507449606,7582.356151862759,0.10629251969557503,18.54142760396736,0.0,0.0,0.0,0.0,0.0,0.0,0.0,0.0,0.0026292725679228747,4265.62247028425,0.03892940309458685,14.86976582180182,0.0,0.0,0.0,0.0,0.0,0.0,0.0,0.0,0.9246275197195443,13667.62556098478,0.0797956247666296,12.151536713108356,0.0,0.0,0.0,0.0,0.0,0.0,0.0,0.0
C3N-01719,3683,0.0,0.0,0.0,0.0,0.13874558783600327,18972.412196624944,0.13872383563958127,18.196061985893476,0.0,0.0,0.0,0.0,0.0,0.0,0.0,0.0,0.0,0.0,0.0,0.0,0.0,0.0,0.0,0.0,0.0,0.0,0.0,0.0,0.8612544121639968,13384.030052487004,0.0674401434320175,11.010944320565315,0.0,0.0,0.0,0.0,0.0,0.0,0.0,0.0
C3N-01897,4086,0.3144884973078806,12689.852942650723,0.06033313946401494,11.833095318572074,0.050416054821341164,11731.868070793866,0.11299972374229401,16.217536380956773,0.0,0.0,0.0,0.0,0.0,0.0,0.0,0.0,0.0024473813020068525,12119.209570433999,0.03852002634684661,13.113387016432407,0.0,0.0,0.0,0.0,0.0,0.0,0.0,0.0,0.6316691140479687,10961.29061331681,0.07712189459005027,11.773518637464507,0.0009789525208027412,6209.750789913591,0.05699328288092975,13.700674162235972,0.0,0.0,0.0,0.0
C3N-01900,5948,0.10255548083389375,10052.695623177327,0.04598130982770896,13.06438683136486,0.01815736381977135,10879.128608345636,0.062261789487424335,11.648851748600201,0.0,0.0,0.0,0.0,0.00016812373907195696,0.0,0.0,13.336049943967373,0.02219233355749832,10748.756022624935,0.05035612781712608,14.155702663802213,0.0,0.0,0.0,0.0,0.0,0.0,0.0,0.0,0.8535642232683255,10916.861719787941,0.06414788051814681,10.805276233547126,0.0,0.0,0.0,0.0,0.0033624747814391394,6987.351348225874,0.051203027966205704,11.137278740619298
C3N-01907,3429,0.04957713619130942,11543.092597079603,0.057861869178275495,13.959962279681081,0.011665208515602217,12925.254278780896,0.07737229376877673,12.100643906726063,0.0,0.0,0.0,0.0,0.0,0.0,0.0,0.0,0.008165645960921552,9271.575244146676,0.05226590302308687,14.3421821575994,0.0,0.0,0.0,0.0,0.0,0.0,0.0,0.0,0.9259259259259259,12050.985611962851,0.07754076452431082,12.040749252156179,0.004666083406240887,10740.155420835146,0.05455292437246928,13.475377393972979,0.0,0.0,0.0,0.0
C3N-01997,6141,0.0,0.0,0.0,0.0,0.22585898062204854,4596.933170953278,0.0929409295583945,13.358877399497578,0.20322423058133854,2944.6120708572944,0.14565760335321745,17.328708612990017,0.0,0.0,0.0,0.0,0.18987135645660316,3887.9485398338434,0.12559441843311905,15.610621389013698,0.0003256798567008631,0.0,0.02632699651752703,14.076083874473618,0.16039732942517504,3971.7275759135496,0.11448293867658428,17.761992574111463,0.0,0.0,0.0,0.0,0.1424849373066276,3307.719147224171,0.05436628934689484,13.50325368957956,0.07783748575150627,3853.133655606005,0.07072809059661044,12.808067646416724
C3N-01998,6896,0.0,0.0,0.0,0.0,0.5004350348027842,4299.366136635806,0.09525492024850028,13.396236593149332,0.06830046403712298,3549.0023637164722,0.11866861614362978,16.63024477996432,0.00014501160092807424,0.0,5.551115123125783e-17,13.452103446473481,0.0658352668213457,4114.665650578579,0.11153440496743038,15.339997725022371,0.0021751740139211136,3084.7569979660548,0.09298177263590522,14.75229626874792,0.12311484918793504,3313.4494903121313,0.10192811492159115,16.61972646847471,0.0,0.0,0.0,0.0,0.20910672853828308,3394.545718180231,0.0754528854422294,13.089603445313987,0.030887470997679814,2895.2894593464275,0.08220000527594447,13.322011911739239
C3N-02010,11010,0.0,0.0,0.0,0.0,0.25776566757493186,11437.706266116884,0.09442305443870647,12.951570504148652,0.0,0.0,0.0,0.0,0.0,0.0,0.0,0.0,0.1410535876475931,10522.621184236614,0.057470313360705017,13.16418054606706,0.0,0.0,0.0,0.0,0.0,0.0,0.0,0.0,0.1787465940054496,11320.413162640318,0.06602836433165789,11.869920331422552,0.42243415077202545,11458.621973853114,0.07995770679865462,12.554842323056812,0.0,0.0,0.0,0.0
C3N-02069,4788,0.0,0.0,0.0,0.0,0.25334168755221387,3196.4189227062448,0.08596661854302369,12.972325381712547,0.005012531328320802,1667.609502647659,0.10652059821948028,16.890286509147973,0.0,0.0,0.0,0.0,0.2623224728487886,3475.173207450037,0.10339552617136778,15.572463934442547,0.0004177109440267335,704.0,0.027093678475323863,12.85194553206951,0.11946532999164577,2768.9909344199996,0.08654519370438118,16.09654333671887,0.0,0.0,0.0,0.0,0.3538011695906433,2577.678572917589,0.06864195758867553,12.841117870895085,0.005639097744360902,1853.7029180817428,0.06191225737317161,12.976263409718172
C3N-02295,3286,0.4710894704808278,13021.558389859587,0.056709649403711336,12.606306959047217,0.04503956177723676,11040.74012394455,0.07239853859294022,12.388454130593022,0.0,0.0,0.0,0.0,0.0,0.0,0.0,0.0,0.003956177723676202,10181.743079981326,0.054388737906140926,13.498975930362805,0.0,0.0,0.0,0.0,0.0,0.0,0.0,0.0,0.47991479001825926,10000.061540279055,0.07286833604587939,11.06377986263933,0.0,0.0,0.0,0.0,0.0,0.0,0.0,0.0
C3N-02573,4494,0.0,0.0,0.0,0.0,0.11860258121940365,3165.69918386592,0.09212989877776162,13.633158812440604,0.029595015576323987,2750.6326416396123,0.11834051480915793,19.264677080443942,0.0,0.0,0.0,0.0,0.1584334668446818,4015.613422947062,0.11444542544243215,17.164086361726902,0.0,0.0,0.0,0.0,0.20271473075211394,3115.1267213545225,0.0973004310014846,18.268355916575022,0.0,0.0,0.0,0.0,0.48998664886515353,2516.4688967283323,0.06561906125389218,12.32487466781232,0.0006675567423230974,164.85134102000097,0.03582653310763297,14.600840554225735
C3N-02579,3308,0.0,0.0,0.0,0.0,0.5580411124546554,2916.8429302708505,0.08730835573305222,13.493276677845467,0.0,0.0,0.0,0.0,0.0,0.0,0.0,0.0,0.008766626360338573,1564.3595581990594,0.08118550945962799,14.906388224516977,0.0003022974607013301,0.0,3.700743415417188e-17,14.312867923546877,0.0,0.0,0.0,0.0,0.0,0.0,0.0,0.0,0.4322853688029021,2922.777934185048,0.0734869343389045,12.46542644095631,0.0006045949214026602,128.0,0.01884388549047659,13.97079732635083
C3N-02585,5584,0.0,0.0,0.0,0.0,0.2924426934097421,3878.924413357553,0.09042003242977227,13.600740056243739,0.024534383954154727,5179.373198779034,0.14177845339125916,18.62608751064927,0.0,0.0,0.0,0.0,0.08685530085959886,4679.8759628714915,0.111218831009214,16.34881088667833,0.0,0.0,0.0,0.0,0.23173352435530087,3514.7658443248943,0.10073745784343117,17.548884309073753,0.0,0.0,0.0,0.0,0.26486389684813755,2751.2589320150187,0.07654687286250644,13.676253752005046,0.0995702005730659,2929.0792459688732,0.07548026270194581,14.667621522137075
C3N-02589,2445,0.14519427402862986,8638.498206571623,0.04007267983023397,14.697446630968535,0.011451942740286299,5972.605009200756,0.06237082586193913,13.149784940233477,0.0,0.0,0.0,0.0,0.0,0.0,0.0,0.0,0.005316973415132925,3841.69853051505,0.03424953219589274,15.169075647006391,0.0,0.0,0.0,0.0,0.0,0.0,0.0,0.0,0.8376278118609407,8388.993259993314,0.06458214972869165,13.610401846094891,0.00040899795501022495,0.0,3.700743415417188e-17,12.832810053533686,0.0,0.0,0.0,0.0
C3N-02590,5851,0.02136386942403008,17648.780321284994,0.057451348038460935,12.8303134080398,0.09177918304563322,11901.280626797838,0.19978274257058307,20.341061410643242,0.0,0.0,0.0,0.0,0.0,0.0,0.0,0.0,0.0,0.0,0.0,0.0,0.0,0.0,0.0,0.0,0.0,0.0,0.0,0.0,0.8868569475303367,16875.71330498987,0.06702051883010009,10.782682820604798,0.0,0.0,0.0,0.0,0.0,0.0,0.0,0.0
C3N-02591,8053,0.287718862535701,14715.449009911386,0.06316731134373717,11.297695786946308,0.04818080218552093,20964.507940773892,0.12271696428132219,14.672976460181484,0.0,0.0,0.0,0.0,0.0,0.0,0.0,0.0,0.008071526139326959,12806.280454272413,0.07368790528968044,13.966657640807576,0.0,0.0,0.0,0.0,0.0,0.0,0.0,0.0,0.6468396870731404,14788.342340264271,0.07986464680435257,11.589389311281368,0.0,0.0,0.0,0.0,0.009189122066310692,9730.734072443236,0.0787909262290835,12.464003868313766
C3N-02592,4563,0.19548542625465704,11452.834522220423,0.06949893431032246,11.41061300799804,0.15779092702169625,14428.71174403403,0.12241305100296569,16.4037602131728,0.0,0.0,0.0,0.0,0.0,0.0,0.0,0.0,0.003725619110234495,11365.18545066654,0.05283332204191064,13.249445404357747,0.0,0.0,0.0,0.0,0.0,0.0,0.0,0.0,0.6342318650010957,14548.905167900697,0.07366361131328637,11.38688196600995,0.0,0.0,0.0,0.0,0.008766162612316459,13278.552674679697,0.05339488975716326,11.482180137871433
C3N-02697,845,0.0,0.0,0.0,0.0,0.01775147928994083,2236.3741847627507,0.06554131832479573,11.991425388709132,0.0,0.0,0.0,0.0,0.0,0.0,0.0,0.0,0.0,0.0,0.0,0.0,0.0,0.0,0.0,0.0,0.0,0.0,0.0,0.0,0.9822485207100592,2160.005667243057,0.05128232796044043,10.10677947035098,0.0,0.0,0.0,0.0,0.0,0.0,0.0,0.0
C3N-02768,4957,0.0,0.0,0.0,0.0,0.4482549929392778,3327.2633778719687,0.08909222551460577,13.192850567416908,0.00040346984062941297,768.0,0.04821607046816238,17.570221742798225,0.0,0.0,0.0,0.0,0.05769618721000605,2885.960218170021,0.08462687122221117,15.508129215084587,0.0,0.0,0.0,0.0,0.0,0.0,0.0,0.0,0.0,0.0,0.0,0.0,0.4924349404881985,2862.1736306223825,0.08222381820148417,12.72767730633993,0.0012104095218882388,2537.030078631372,0.06568030684102148,12.9748583309339
C3N-02939,4954,0.0,0.0,0.0,0.0,0.5732741219216795,3997.925264450448,0.09076846389944548,12.915437152664243,0.0004037141703673799,1088.0,0.02635735215412997,14.372863718438085,0.0,0.0,0.0,0.0,0.19317723052079128,3477.117945913535,0.06908866590937206,12.703471608860719,0.0,0.0,0.0,0.0,0.0,0.0,0.0,0.0,0.0,0.0,0.0,0.0,0.23314493338716188,2533.5769907685512,0.05890073921183379,12.712651667090602,0.0,0.0,0.0,0.0
C3N-02940,5516,0.0,0.0,0.0,0.0,0.3328498912255257,3990.9103992667856,0.08220171707036944,12.696313626080947,0.0,0.0,0.0,0.0,0.00018129079042784627,0.0,3.700743415417188e-17,12.456574539308829,0.04296591733139957,3858.3009794579225,0.059863067632775456,14.011355976691739,0.0,0.0,0.0,0.0,0.0,0.0,0.0,0.0,0.0,0.0,0.0,0.0,0.6240029006526469,3436.4986323980243,0.061679996349168154,12.01212662450881,0.0,0.0,0.0,0.0
C3N-02944,5071,0.0,0.0,0.0,0.0,0.31295602445277065,3558.9572002886857,0.09340566806587698,13.587241899626534,0.0,0.0,0.0,0.0,0.0,0.0,0.0,0.0,0.25655689213172944,3389.7475530437523,0.08186535276237465,15.263205254571218,0.0,0.0,0.0,0.0,0.04338394793926247,2081.618649305243,0.07232933298173994,16.79708987146026,0.0,0.0,0.0,0.0,0.3871031354762374,2636.236204155314,0.07177153044313848,12.71329397013235,0.0,0.0,0.0,0.0
C3N-02971,9843,0.0,0.0,0.0,0.0,0.13501981103322158,12197.026945327854,0.08232538405186028,12.518893291226656,0.0,0.0,0.0,0.0,0.0,0.0,0.0,0.0,0.0,0.0,0.0,0.0,0.0,0.0,0.0,0.0,0.0,0.0,0.0,0.0,0.000203190084323885,0.0,0.034081684951797496,11.343371324281069,0.8647769988824545,11464.807469083444,0.0790695135097987,12.53635212036497,0.0,0.0,0.0,0.0
C3N-02997,5004,0.10431654676258993,13028.223411876927,0.06000725355699532,13.50622405493738,0.010191846522781775,13027.36791752584,0.09566082399792132,13.277431884859555,0.0,0.0,0.0,0.0,0.0,0.0,0.0,0.0,0.002398081534772182,10626.35594054312,0.04780090920585204,14.514194437087625,0.0,0.0,0.0,0.0,0.0,0.0,0.0,0.0,0.8806954436450839,12554.577300122311,0.07333362875378498,11.359799397234708,0.00019984012789768185,0.0,3.700743415417188e-17,12.853931003818914,0.0021982414068745003,9485.295509134972,0.08516501790472031,13.929258302498518
C3N-02998,2195,0.0,0.0,0.0,0.0,0.1562642369020501,15460.958456586857,0.10466393494133629,13.940812253956468,0.0,0.0,0.0,0.0,0.0,0.0,0.0,0.0,0.0,0.0,0.0,0.0,0.0,0.0,0.0,0.0,0.0,0.0,0.0,0.0,0.8273348519362187,15545.451601014445,0.07454537064355088,11.75121303508753,0.0,0.0,0.0,0.0,0.01640091116173121,14009.702139160638,0.06876167634484896,14.812211435381666
C3N-03000,2304,0.0,0.0,0.0,0.0,0.3411458333333333,3887.9009581409273,0.13101023987167132,17.329504825647305,0.0,0.0,0.0,0.0,0.0,0.0,0.0,0.0,0.0,0.0,0.0,0.0,0.002170138888888889,191.57285820282578,0.025459962201796766,16.881771505195168,0.0,0.0,0.0,0.0,0.6553819444444444,15428.474330117024,0.06457615849537729,11.658556083008708,0.0013020833333333333,10186.532901928542,0.042439324007139456,14.451885039110934,0.0,0.0,0.0,0.0
C3N-03006,6318,0.1590693257359924,13362.759594413033,0.06293098882437753,12.408998783355663,0.011237733459955683,12614.217328141513,0.07592821148255037,12.679638159743778,0.0,0.0,0.0,0.0,0.0,0.0,0.0,0.0,0.029439696106362774,13515.814473626264,0.044806958603454704,14.441383429522004,0.0,0.0,0.0,0.0,0.0,0.0,0.0,0.0,0.8002532446976891,14230.492947910552,0.06852320972239435,10.745501145816764,0.0,0.0,0.0,0.0,0.0,0.0,0.0,0.0
C3N-03007,1116,0.0,0.0,0.0,0.0,0.0062724014336917565,11089.80688210571,0.047937538402105594,11.08753632380955,0.0,0.0,0.0,0.0,0.0,0.0,0.0,0.0,0.0,0.0,0.0,0.0,0.0,0.0,0.0,0.0,0.0,0.0,0.0,0.0,0.9910394265232975,11788.251382544298,0.054312960696001444,10.429391614261421,0.002688172043010753,7365.920625571001,0.01846811537160692,13.900897725819574,0.0,0.0,0.0,0.0
C3N-03039,18011,0.0,0.0,0.0,0.0,0.642773860418633,4585.235315299662,0.15434100291973096,16.51025539997168,0.011992671145411138,2052.9100741206807,0.14152322733457345,17.509179397858208,0.0,0.0,0.0,0.0,0.038087835211815003,2725.068734678332,0.11754420337519167,15.205283899199744,0.0009993892621175948,1184.6668234798908,0.07361464961866078,14.403751426786904,0.029926156237854645,1649.1524457375217,0.12444235682960943,18.060956195816903,0.0008883460107711954,3790.234987519133,0.07113752355290265,13.315368813579155,0.2125923047026817,3626.408180830848,0.08055093248167745,13.106667311847893,0.06273943701071567,4507.269519281788,0.08670418617023394,13.153818244551417
C3N-03061,4643,0.0,0.0,0.0,0.0,0.19944001723023908,3406.3192415137673,0.08928306729849811,12.43536409824979,0.16174886926556106,2898.9228032940036,0.12641481452499626,17.967848897620428,0.0,0.0,0.0,0.0,0.03316821020891665,2675.419804659702,0.11076628931935621,14.797453197795026,0.009045875511522722,1981.9713229135457,0.06441584380766252,15.334942555533019,0.05836743484815852,2406.977887405908,0.10681573038125565,17.44672983208838,0.0,0.0,0.0,0.0,0.26060736592720224,3227.6017640367195,0.07971515397821598,13.067851901406785,0.2776222270083997,2440.84990526285,0.07733022761396227,13.72062048245564
C3N-03069,5793,0.005523908165026756,2179.9482925441953,0.03046285615385058,19.32321972112767,0.5406525116519938,3602.175424330195,0.11264691635500361,14.217783780559932,0.0034524426031417228,760.6209973786458,0.07653633475732251,16.312933236243772,0.0,0.0,0.0,0.0,0.0783704470913171,2315.821400934583,0.07927739832589459,15.70433836740033,0.0,0.0,0.0,0.0,0.005006041774555498,569.8887882528899,0.06208837659261298,16.095755328870204,0.0,0.0,0.0,0.0,0.35525634386328325,3169.9346827848167,0.0756184957989774,12.845785751779502,0.011738304850681858,1551.4716894139617,0.05911616790765778,13.485523091265534
C3N-03086,5750,0.0,0.0,0.0,0.0,0.07791304347826086,4062.1034461466647,0.08956614915896684,12.645948260336999,0.0,0.0,0.0,0.0,0.00017391304347826088,0.0,3.700743415417188e-17,14.933647975128874,0.03391304347826087,2003.4354125047023,0.09733987991666944,14.252831265301772,0.0,0.0,0.0,0.0,0.04591304347826087,1585.9037293828349,0.08520228419614151,15.835707272518745,0.0,0.0,0.0,0.0,0.8417391304347827,3788.6447358938026,0.07442585733096191,11.958270325744135,0.00034782608695652176,2304.0,0.027856849196275957,12.549442712444112
C3N-03100,33445,0.002421886679623262,11285.524315069713,0.05603654508328874,14.868293691645418,0.381521901629541,12465.751265447167,0.10581392280331653,14.955528952807644,0.0,0.0,0.0,0.0,5.979967110180894e-05,0.0,0.03425684962263185,12.865460590366112,0.3466885932127373,12538.329509636784,0.08306846717557707,16.44430662550265,0.0,0.0,0.0,0.0,0.0004783973688144715,1677.6784256376372,0.0545965968309959,18.13256190837921,0.011272238002690985,11219.554137767998,0.07331811372489745,13.71276340371374,0.0026610853640304977,9335.394493724496,0.07194612999238048,13.521370360616256,0.25489609807146063,10631.74959093145,0.08043072962843656,14.844168188988863
C3N-03173,4342,0.0,0.0,0.0,0.0,0.7535697835099032,10665.245320476393,0.10668797251866585,14.68547531320512,0.0,0.0,0.0,0.0,0.0,0.0,0.0,0.0,0.00046061722708429296,64.0,0.02332033080319096,16.205531337794937,0.0,0.0,0.0,0.0,0.0,0.0,0.0,0.0,0.24596959926301243,10996.731806358004,0.06825541098149988,12.703715693728823,0.0,0.0,0.0,0.0,0.0,0.0,0.0,0.0
C3N-03190,6036,0.01027170311464546,1302.2143231053706,0.08238246766422519,18.086097186402576,0.2861166335321405,3688.0209614970754,0.09177160360008317,12.945668671721501,0.13949635520212061,2747.3695074226043,0.13308253161764683,16.661859380443232,0.0001656726308813784,0.0,3.700743415417188e-17,12.207853436000747,0.2808151093439364,3780.511526120705,0.10674784254722634,14.895054155398133,0.0003313452617627568,1152.0,0.025842589035461844,14.79507527720254,0.05019880715705766,2709.9420783078876,0.0840873492932223,15.946734700723864,0.007786613651424784,1181.1968475111146,0.041400620352186834,13.317440806956482,0.20841616964877402,3960.143649518347,0.07513740026245654,12.274581889848687,0.016401590457256462,2276.478274431348,0.07995165654749996,12.942063117011756
C3N-03211,4318,0.0020842982862436313,272.7911650780269,0.04516065127435154,15.454903660259484,0.32792959703566466,3151.343313860473,0.09351403377251481,12.89731461438691,0.020379805465493284,1245.6335829242323,0.13230263724438332,16.780197728279862,0.0006947660954145438,128.0,0.05370968211741231,12.8137567002843,0.10514126910606762,2900.509152505951,0.11798848882081138,15.180099901354678,0.011347846225104215,1629.395933888144,0.06754804471488263,14.368832552642488,0.025011579434923575,1104.698550188843,0.08459147660770427,16.87275489819375,0.0,0.0,0.0,0.0,0.5069476609541455,2736.9703636915283,0.07205938279662995,12.216395829974019,0.0004631773969430292,0.0,0.03833409308419272,14.839276617076614
C3N-03426,6854,0.0728042019258827,14675.572567981992,0.056928469656597,11.431725157659356,0.17785234899328858,14358.302050274458,0.07467626584922522,13.70558445607343,0.0,0.0,0.0,0.0,0.0,0.0,0.0,0.0,0.0011672016340822876,13566.842394507994,0.04138795194891354,13.258697596531091,0.0,0.0,0.0,0.0,0.0,0.0,0.0,0.0,0.743361540706157,14493.777083640562,0.07493098408418761,11.297932009388292,0.004814706740589437,13891.819752084482,0.05805294548449208,13.20220773926693,0.0,0.0,0.0,0.0
C3N-03428,5416,0.0,0.0,0.0,0.0,0.023633677991137372,15360.564806571409,0.07551602639864245,12.449741516112454,0.0,0.0,0.0,0.0,0.0,0.0,0.0,0.0,0.0,0.0,0.0,0.0,0.0,0.0,0.0,0.0,0.0,0.0,0.0,0.0,0.9750738552437223,17980.829364746904,0.0748325372093353,11.611495544120244,0.001292466765140325,6168.908867565887,0.04020072383568557,13.413786250226648,0.0,0.0,0.0,0.0
C3N-03430,906,0.0,0.0,0.0,0.0,0.005518763796909493,13855.173754091224,0.0466660950553324,11.689027542351123,0.0,0.0,0.0,0.0,0.0,0.0,0.0,0.0,0.0,0.0,0.0,0.0,0.0,0.0,0.0,0.0,0.0,0.0,0.0,0.0,0.9944812362030905,14438.712116566388,0.06974061210901984,12.243964808545712,0.0,0.0,0.0,0.0,0.0,0.0,0.0,0.0
C3N-03439,5448,0.0018355359765051395,12589.509482200545,0.05240861885287126,16.387644443666435,0.05800293685756241,12617.443488931372,0.08895911912734146,13.61925217433457,0.0,0.0,0.0,0.0,0.0,0.0,0.0,0.0,0.0,0.0,0.0,0.0,0.0,0.0,0.0,0.0,0.0,0.0,0.0,0.0,0.9388766519823789,12610.532465974613,0.06953635569210613,11.193385497673184,0.0,0.0,0.0,0.0,0.0012848751835535977,9517.923758972842,0.060700437152627094,15.12736165948186
C3N-03440,7145,0.4410076976906928,13183.766818263297,0.1018460498078626,13.845007589477854,0.2198740377886634,17289.404614982017,0.14744380296335996,17.188380496992412,0.001119664100769769,15005.557059748331,0.08141476822350853,17.335465484419167,0.0,0.0,0.0,0.0,0.019034289713086076,14557.811527185064,0.07991358290753521,14.123966844517808,0.00013995801259622114,0.0,3.700743415417188e-17,17.402442357019286,0.0,0.0,0.0,0.0,0.31882435269419174,13058.730655970023,0.0833994520858543,11.912301055566825,0.0,0.0,0.0,0.0,0.0,0.0,0.0,0.0
C3N-03665,3727,0.019586799034075664,11227.680863078187,0.0568142282575396,13.615575283968798,0.006171183257311511,11181.204107669937,0.06391330383862445,12.00716161182545,0.0,0.0,0.0,0.0,0.0,0.0,0.0,0.0,0.0005366246310705661,14568.25,0.023807606527546654,15.08295459191394,0.0,0.0,0.0,0.0,0.0,0.0,0.0,0.0,0.9737053930775422,13414.951548551408,0.06749859163321753,10.909726263877753,0.0,0.0,0.0,0.0,0.0,0.0,0.0,0.0
C3N-03666,2018,0.0,0.0,0.0,0.0,0.007928642220019821,11440.975840878576,0.05719387371565169,12.253464114657143,0.0,0.0,0.0,0.0,0.0,0.0,0.0,0.0,0.0,0.0,0.0,0.0,0.003468780971258672,12553.340601621187,0.059851404474681645,13.442840397254598,0.0,0.0,0.0,0.0,0.987611496531219,12581.54426845732,0.06335878668407692,13.017202104512625,0.0009910802775024777,13296.75,0.01604040975624114,14.966124130644754,0.0,0.0,0.0,0.0
C3N-03670,2488,0.03697749196141479,7402.292550521001,0.043574400946381465,14.957022589778237,0.0542604501607717,9615.521667696208,0.054414882905653716,14.017294552916594,0.0,0.0,0.0,0.0,0.0,0.0,0.0,0.0,0.0012057877813504824,219.98382716360686,0.025106484392308375,14.444449857032579,0.03818327974276527,8255.42576599023,0.07143715976177499,14.268265594782712,0.0,0.0,0.0,0.0,0.8693729903536977,8058.840589209967,0.07703152181285455,13.394997466995047,0.0,0.0,0.0,0.0,0.0,0.0,0.0,0.0
C3N-03754,1639,0.0006101281269066504,0.0,1.1102230246251565e-16,14.833502395786462,0.004270896888346553,10140.485107234674,0.05503980273214381,12.649148017108379,0.0,0.0,0.0,0.0,0.0,0.0,0.0,0.0,0.004270896888346553,8332.632274843862,0.030355456148090005,14.389483298797245,0.011592434411226357,10172.710232994288,0.05645749892520804,12.738287757636977,0.0,0.0,0.0,0.0,0.9786455155582673,9273.733559490845,0.06529222584162749,13.421810354043616,0.0006101281269066504,0.0,3.700743415417188e-17,12.181700874056736,0.0,0.0,0.0,0.0
C3N-03778,5747,0.13659300504611102,12555.80491087282,0.08722583036693043,15.385632740055378,0.008178179919958239,12344.781111076483,0.09701592037471951,14.896269387886544,0.0,0.0,0.0,0.0,0.0,0.0,0.0,0.0,0.001218026796589525,10893.450225593502,0.04739099605489657,15.095431880324904,0.3563598399164782,12939.44085923488,0.09692140861742003,15.774314341177345,0.0,0.0,0.0,0.0,0.49765094832086304,12948.101153919424,0.09407653204760903,13.943381781826922,0.0,0.0,0.0,0.0,0.0,0.0,0.0,0.0
C3N-03780,2773,0.5376848178867653,12764.478738543577,0.10681462717810371,16.27784237828674,0.0046880634691669676,8290.94250673388,0.06255779406460835,12.529455410621608,0.0,0.0,0.0,0.0,0.0,0.0,0.0,0.0,0.01730977280923188,12628.398650582763,0.05726401193490686,14.196113184078415,0.04075009015506671,13163.711984979589,0.10407101670760048,16.26999595902244,0.0,0.0,0.0,0.0,0.39451857194374323,14474.503058465787,0.08671162690696048,13.053390840399517,0.005048683736025965,8494.838596140495,0.038818067756977624,14.743984586741332,0.0,0.0,0.0,0.0
C3N-03839,2438,0.0,0.0,0.0,0.0,0.2912223133716161,2150.0469186653404,0.07851343009758993,12.551936777828745,0.0,0.0,0.0,0.0,0.0,0.0,0.0,0.0,0.1956521739130435,2344.888020565651,0.06287204192346708,13.732245026091134,0.0,0.0,0.0,0.0,0.0,0.0,0.0,0.0,0.0,0.0,0.0,0.0,0.5131255127153405,1992.8971436981526,0.0671936501524217,12.165339339015008,0.0,0.0,0.0,0.0
C3N-03840,4763,0.0,0.0,0.0,0.0,0.1698509342851144,3123.4158343162403,0.08268011341023103,12.662300099700301,0.04807894184337602,2967.030919732019,0.11548813179566113,17.323488192121648,0.0,0.0,0.0,0.0,0.23787528868360278,3439.1333223949,0.10800783981547472,14.558138854981376,0.0002099517111064455,0.0,7.401486830834377e-17,16.614583059872395,0.2513121981944153,3795.471539174633,0.1047591522923305,15.902664915603614,0.0,0.0,0.0,0.0,0.2909930715935335,2366.583476443505,0.06938103817051616,12.02016545398603,0.001679613688851564,657.1044594946749,0.05252092709687058,13.305837302842768
C3N-03853,3290,0.0,0.0,0.0,0.0,0.4027355623100304,3612.589583223156,0.09030929880979732,12.757351120693999,0.0,0.0,0.0,0.0,0.0,0.0,0.0,0.0,0.022492401215805473,1856.2352705684775,0.06756984177383292,14.217250016246078,0.0006079027355623101,64.0,0.0205705991944648,12.4772479910614,0.0,0.0,0.0,0.0,0.0,0.0,0.0,0.0,0.5741641337386019,2739.2023836910626,0.05902545476238604,11.28476533322674,0.0,0.0,0.0,0.0
C3N-03854,2323,0.0034438226431338786,755.8607298082942,0.034975166746508614,16.510826659237026,0.31597072750753336,2678.5860325912395,0.07363754140480817,12.061014693727842,0.0,0.0,0.0,0.0,0.0,0.0,0.0,0.0,0.19931123547137322,2073.291879308057,0.10198809502335303,14.53871740420164,0.0,0.0,0.0,0.0,0.023676280671545414,1016.6784654352259,0.07012877169978123,15.661521561592297,0.0,0.0,0.0,0.0,0.4575979337064141,2350.208976372759,0.055392936763238206,11.662711404707737,0.0,0.0,0.0,0.0
C3N-03884,4104,0.0,0.0,0.0,0.0,0.18372319688109162,3420.1667517036167,0.07545100416952331,11.98774419491363,0.04069200779727095,2697.9051550009794,0.09529149280125826,15.812879285223843,0.0,0.0,0.0,0.0,0.15716374269005848,3102.990256234661,0.08619707347256737,13.815899683619511,0.0,0.0,0.0,0.0,0.2524366471734893,2668.229684240286,0.09504043010340994,15.329840826007104,0.0,0.0,0.0,0.0,0.3659844054580897,2841.4728352109037,0.06056144077992901,11.61084941137979,0.0,0.0,0.0,0.0
C3N-04119,4934,0.0,0.0,0.0,0.0,0.27097689501418726,3567.0729258828446,0.07250763884803176,12.845689129290788,0.010336441021483584,2693.1489469470125,0.0942093654646629,15.816973958052102,0.0,0.0,0.0,0.0,0.10863396838265099,4470.752627325719,0.08975663986859454,14.691605225124588,0.0,0.0,0.0,0.0,0.26185650587758413,3171.6788119553544,0.09269456898089919,15.831574884336048,0.0,0.0,0.0,0.0,0.34657478719092016,4216.6450546126825,0.0640360522210055,11.61923498170734,0.0016214025131738954,1419.8726597756086,0.0516186441406164,13.04411224265603
C3N-04126,3415,0.0,0.0,0.0,0.0,0.31595900439238656,2670.0726720716616,0.07747299528344752,12.45564828519044,0.038653001464128846,2027.8421606594281,0.10254622275316065,16.936202490752915,0.0,0.0,0.0,0.0,0.11683748169838946,2723.1623147091145,0.09952084140338228,14.778319844528305,0.00029282576866764275,0.0,3.700743415417188e-17,13.10377766447878,0.13060029282576865,2082.2221418818854,0.09969854808097778,16.42232436292871,0.0,0.0,0.0,0.0,0.39560761346998535,2438.3712686814597,0.07406623970885824,12.700159137062135,0.0020497803806734994,1146.9045685220526,0.04997635745448705,12.45640866035969
C3N-04282,3264,0.11856617647058823,11798.845186610224,0.0671341067815036,14.222592640992161,0.0024509803921568627,8127.509932139203,0.07188565427900245,13.600590910456923,0.0,0.0,0.0,0.0,0.0,0.0,0.0,0.0,0.0006127450980392157,1792.0,0.02875810057553278,14.90798028768234,0.031862745098039214,10800.763175292468,0.08390476408493115,14.391084232064982,0.0,0.0,0.0,0.0,0.8462009803921569,8900.606691586165,0.09102258320759919,14.075460267388912,0.00030637254901960784,0.0,7.401486830834377e-17,14.618642945861474,0.0,0.0,0.0,0.0
C3N-04283,9577,0.3959486269186593,12885.25464735085,0.07850884546067975,13.462975977783978,0.0028192544638195676,10851.949662069122,0.09155633733976302,14.561476470473643,0.0,0.0,0.0,0.0,0.0,0.0,0.0,0.0,0.0011485851519264906,9185.280582798336,0.05078679436572966,14.489712327367847,0.0241202881904563,12331.462087368518,0.09015376593985702,14.546379267904426,0.0,0.0,0.0,0.0,0.5759632452751383,12703.809696463288,0.08805114028412069,13.856264394426875,0.0,0.0,0.0,0.0,0.0,0.0,0.0,0.0
C3N-04284,3926,0.003056546102903719,11968.450068483673,0.06049378390199441,13.052134112070513,0.008405501782985226,13268.840601597649,0.07647213488245035,12.944011336513048,0.0,0.0,0.0,0.0,0.0,0.0,0.0,0.0,0.0,0.0,0.0,0.0,0.14085583290881304,14000.123834048616,0.07103897413821174,13.93597632351366,0.0,0.0,0.0,0.0,0.847427407030056,16059.191443834423,0.07929400404426169,13.05042757594862,0.00025471217524197657,0.0,0.0,12.061223861682608,0.0,0.0,0.0,0.0
