gene_id,gene_symbol,panel,category
ENSG00000133627.18,ACTR3B,pam50,pam50_intrinsic
ENSG00000011426.11,ANLN,pam50,pam50_intrinsic
ENSG00000107262.26,BAG1,pam50,pam50_intrinsic
ENSG00000171791.14,BCL2,pam50,pam50_intrinsic
ENSG00000089685.15,BIRC5,pam50,pam50_intrinsic
ENSG00000106605.11,BLVRA,pam50,pam50_intrinsic
ENSG00000134057.15,CCNB1,pam50,pam50_intrinsic
ENSG00000105173.14,CCNE1,pam50,pam50_intrinsic
ENSG00000117399.14,CDC20,pam50,pam50_intrinsic
ENSG00000094804.12,CDC6,pam50,pam50_intrinsic
ENSG00000062038.14,CDH3,pam50,pam50_intrinsic
ENSG00000117724.13,CENPF,pam50,pam50_intrinsic
ENSG00000138180.16,CEP55,pam50,pam50_intrinsic
ENSG00000171604.12,CXXC5,pam50,pam50_intrinsic
ENSG00000146648.19,EGFR,pam50,pam50_intrinsic
ENSG00000141736.14,ERBB2,pam50,pam50_intrinsic
ENSG00000091831.24,ESR1,pam50,pam50_intrinsic
ENSG00000174371.17,EXO1,pam50,pam50_intrinsic
ENSG00000160867.15,FGFR4,pam50,pam50_intrinsic
ENSG00000129514.8,FOXA1,pam50,pam50_intrinsic
ENSG00000054598.9,FOXC1,pam50,pam50_intrinsic
ENSG00000173890.17,GPR160,pam50,pam50_intrinsic
ENSG00000141738.14,GRB7,pam50,pam50_intrinsic
ENSG00000142945.13,KIF2C,pam50,pam50_intrinsic
ENSG00000186847.6,KRT14,pam50,pam50_intrinsic
ENSG00000128422.17,KRT17,pam50,pam50_intrinsic
ENSG00000186081.12,KRT5,pam50,pam50_intrinsic
ENSG00000186868.16,MAPT,pam50,pam50_intrinsic
ENSG00000135679.25,MDM2,pam50,pam50_intrinsic
ENSG00000165304.8,MELK,pam50,pam50_intrinsic
ENSG00000261857.7,MIA,pam50,pam50_intrinsic
ENSG00000148773.14,MKI67,pam50,pam50_intrinsic
ENSG00000115648.14,MLPH,pam50,pam50_intrinsic
ENSG00000099953.10,MMP11,pam50,pam50_intrinsic
ENSG00000101057.16,MYBL2,pam50,pam50_intrinsic
ENSG00000136997.21,MYC,pam50,pam50_intrinsic
ENSG00000171428.15,NAT1,pam50,pam50_intrinsic
ENSG00000080986.13,NDC80,pam50,pam50_intrinsic
ENSG00000143228.13,NUF2,pam50,pam50_intrinsic
ENSG00000091651.9,ORC6,pam50,pam50_intrinsic
ENSG00000082175.15,PGR,pam50,pam50_intrinsic
ENSG00000092621.13,PHGDH,pam50,pam50_intrinsic
ENSG00000164611.13,PTTG1,pam50,pam50_intrinsic
ENSG00000171848.16,RRM2,pam50,pam50_intrinsic
ENSG00000104332.12,SFRP1,pam50,pam50_intrinsic
ENSG00000141424.13,SLC39A6,pam50,pam50_intrinsic
ENSG00000151715.8,TMEM45B,pam50,pam50_intrinsic
ENSG00000176890.16,TYMS,pam50,pam50_intrinsic
ENSG00000175063.17,UBE2C,pam50,pam50_intrinsic
ENSG00000077152.11,UBE2T,pam50,pam50_intrinsic
ENSG00000087586.18,AURKA,oncotype_dx,oncotype_proliferation
ENSG00000175356.14,SCUBE2,oncotype_dx,oncotype_estrogen
ENSG00000136943.11,CTSV,oncotype_dx,oncotype_invasion
ENSG00000134184.13,GSTM1,oncotype_dx,oncotype_other
ENSG00000129226.14,CD68,oncotype_dx,oncotype_other
ENSG00000075624.17,ACTB,oncotype_dx,oncotype_reference
ENSG00000111640.15,GAPDH,oncotype_dx,oncotype_reference
ENSG00000169919.17,GUSB,oncotype_dx,oncotype_reference
ENSG00000089157.16,RPLP0,oncotype_dx,oncotype_reference
ENSG00000072274.13,TFRC,oncotype_dx,oncotype_reference
ENSG00000012048.23,BRCA1,pan_cancer,dna_damage_repair
ENSG00000139618.16,BRCA2,pan_cancer,dna_damage_repair
ENSG00000083093.10,PALB2,pan_cancer,dna_damage_repair
ENSG00000149311.19,ATM,pan_cancer,dna_damage_repair
ENSG00000175054.16,ATR,pan_cancer,dna_damage_repair
ENSG00000149554.13,CHEK1,pan_cancer,dna_damage_repair
ENSG00000183765.23,CHEK2,pan_cancer,dna_damage_repair
ENSG00000051180.17,RAD51,pan_cancer,dna_damage_repair
ENSG00000076242.16,MLH1,pan_cancer,dna_damage_repair
ENSG00000095002.15,MSH2,pan_cancer,dna_damage_repair
ENSG00000116062.17,MSH6,pan_cancer,dna_damage_repair
ENSG00000122512.16,PMS2,pan_cancer,dna_damage_repair
ENSG00000012061.16,ERCC1,pan_cancer,dna_damage_repair
ENSG00000131747.15,TOP2A,pan_cancer,proliferation_cell_cycle_apoptosis
ENSG00000110092.4,CCND1,pan_cancer,proliferation_cell_cycle_apoptosis
ENSG00000170312.16,CDK1,pan_cancer,proliferation_cell_cycle_apoptosis
ENSG00000123374.11,CDK2,pan_cancer,proliferation_cell_cycle_apoptosis
ENSG00000178999.13,AURKB,pan_cancer,proliferation_cell_cycle_apoptosis
ENSG00000166851.15,PLK1,pan_cancer,proliferation_cell_cycle_apoptosis
ENSG00000073111.14,MCM2,pan_cancer,proliferation_cell_cycle_apoptosis
ENSG00000104738.18,MCM4,pan_cancer,proliferation_cell_cycle_apoptosis
ENSG00000076003.5,MCM6,pan_cancer,proliferation_cell_cycle_apoptosis
ENSG00000132646.11,PCNA,pan_cancer,proliferation_cell_cycle_apoptosis
ENSG00000087088.20,BAX,pan_cancer,proliferation_cell_cycle_apoptosis
ENSG00000164305.19,CASP3,pan_cancer,proliferation_cell_cycle_apoptosis
ENSG00000120217.14,CD274,pan_cancer,immune_inflammation
ENSG00000188389.11,PDCD1,pan_cancer,immune_inflammation
ENSG00000163599.17,CTLA4,pan_cancer,immune_inflammation
ENSG00000153563.16,CD8A,pan_cancer,immune_inflammation
ENSG00000172116.23,CD8B,pan_cancer,immune_inflammation
ENSG00000167286.10,CD3D,pan_cancer,immune_inflammation
ENSG00000198851.10,CD3E,pan_cancer,immune_inflammation
ENSG00000049768.16,FOXP3,pan_cancer,immune_inflammation
ENSG00000177575.13,CD163,pan_cancer,immune_inflammation
ENSG00000090382.7,LYZ,pan_cancer,immune_inflammation
ENSG00000107562.16,CXCL12,pan_cancer,immune_inflammation
ENSG00000121966.7,CXCR4,pan_cancer,immune_inflammation
ENSG00000169429.11,CXCL8,pan_cancer,immune_inflammation
ENSG00000136244.12,IL6,pan_cancer,immune_inflammation
ENSG00000160712.13,IL6R,pan_cancer,immune_inflammation
ENSG00000168610.16,STAT3,pan_cancer,immune_inflammation
ENSG00000105329.11,TGFB1,pan_cancer,immune_inflammation
ENSG00000092969.12,TGFB2,pan_cancer,immune_inflammation
ENSG00000106799.13,TGFBR1,pan_cancer,immune_inflammation
ENSG00000163513.19,TGFBR2,pan_cancer,immune_inflammation
ENSG00000108691.9,CCL2,pan_cancer,immune_inflammation
ENSG00000121807.6,CCR2,pan_cancer,immune_inflammation
ENSG00000184371.14,CSF1,pan_cancer,immune_inflammation
ENSG00000182578.14,CSF1R,pan_cancer,immune_inflammation
ENSG00000108821.14,COL1A1,pan_cancer,stroma_ecm_invasion
ENSG00000164692.18,COL1A2,pan_cancer,stroma_ecm_invasion
ENSG00000168542.16,COL3A1,pan_cancer,stroma_ecm_invasion
ENSG00000130635.16,COL5A1,pan_cancer,stroma_ecm_invasion
ENSG00000204262.14,COL5A2,pan_cancer,stroma_ecm_invasion
ENSG00000142156.15,COL6A1,pan_cancer,stroma_ecm_invasion
ENSG00000142173.16,COL6A2,pan_cancer,stroma_ecm_invasion
ENSG00000163359.16,COL6A3,pan_cancer,stroma_ecm_invasion
ENSG00000115414.21,FN1,pan_cancer,stroma_ecm_invasion
ENSG00000113140.11,SPARC,pan_cancer,stroma_ecm_invasion
ENSG00000133110.15,POSTN,pan_cancer,stroma_ecm_invasion
ENSG00000137801.11,THBS1,pan_cancer,stroma_ecm_invasion
ENSG00000107796.13,ACTA2,pan_cancer,stroma_ecm_invasion
ENSG00000149591.17,TAGLN,pan_cancer,stroma_ecm_invasion
ENSG00000078098.14,FAP,pan_cancer,stroma_ecm_invasion
ENSG00000164171.11,ITGA2,pan_cancer,stroma_ecm_invasion
ENSG00000005884.18,ITGA3,pan_cancer,stroma_ecm_invasion
ENSG00000150093.20,ITGB1,pan_cancer,stroma_ecm_invasion
ENSG00000132470.14,ITGB4,pan_cancer,stroma_ecm_invasion
ENSG00000087245.13,MMP2,pan_cancer,stroma_ecm_invasion
ENSG00000137673.9,MMP7,pan_cancer,stroma_ecm_invasion
ENSG00000100985.7,MMP9,pan_cancer,stroma_ecm_invasion
ENSG00000157227.13,MMP14,pan_cancer,stroma_ecm_invasion
ENSG00000122861.16,PLAU,pan_cancer,stroma_ecm_invasion
ENSG00000011422.12,PLAUR,pan_cancer,stroma_ecm_invasion
ENSG00000113083.15,LOX,pan_cancer,stroma_ecm_invasion
ENSG00000139329.5,LUM,pan_cancer,stroma_ecm_invasion
ENSG00000011465.18,DCN,pan_cancer,stroma_ecm_invasion
ENSG00000182492.16,BGN,pan_cancer,stroma_ecm_invasion
ENSG00000105976.16,MET,pan_cancer,stroma_ecm_invasion
ENSG00000205420.11,KRT6A,pan_cancer,basal_emt_mesenchymal
ENSG00000185479.6,KRT6B,pan_cancer,basal_emt_mesenchymal
ENSG00000205426.10,KRT81,pan_cancer,basal_emt_mesenchymal
ENSG00000073282.14,TP63,pan_cancer,basal_emt_mesenchymal
ENSG00000102554.14,KLF5,pan_cancer,basal_emt_mesenchymal
ENSG00000196754.13,S100A2,pan_cancer,basal_emt_mesenchymal
ENSG00000196154.12,S100A4,pan_cancer,basal_emt_mesenchymal
ENSG00000057149.16,SERPINB3,pan_cancer,basal_emt_mesenchymal
ENSG00000206073.11,SERPINB4,pan_cancer,basal_emt_mesenchymal
ENSG00000026025.16,VIM,pan_cancer,basal_emt_mesenchymal
ENSG00000170558.10,CDH2,pan_cancer,basal_emt_mesenchymal
ENSG00000148516.22,ZEB1,pan_cancer,basal_emt_mesenchymal
ENSG00000169554.22,ZEB2,pan_cancer,basal_emt_mesenchymal
ENSG00000124216.4,SNAI1,pan_cancer,basal_emt_mesenchymal
ENSG00000019549.13,SNAI2,pan_cancer,basal_emt_mesenchymal
ENSG00000122691.13,TWIST1,pan_cancer,basal_emt_mesenchymal
ENSG00000091409.15,ITGA6,pan_cancer,basal_emt_mesenchymal
ENSG00000058085.15,LAMC2,pan_cancer,basal_emt_mesenchymal
ENSG00000100644.17,HIF1A,pan_cancer,hypoxia_metabolism
ENSG00000112715.25,VEGFA,pan_cancer,hypoxia_metabolism
ENSG00000107159.13,CA9,pan_cancer,hypoxia_metabolism
ENSG00000117394.24,SLC2A1,pan_cancer,hypoxia_metabolism
ENSG00000134333.14,LDHA,pan_cancer,hypoxia_metabolism
ENSG00000159399.10,HK2,pan_cancer,hypoxia_metabolism
ENSG00000074800.16,ENO1,pan_cancer,hypoxia_metabolism
ENSG00000149925.22,ALDOA,pan_cancer,hypoxia_metabolism
